,md5hash,predicted_label
0,0844ae634f0e6e7ef1f73c2aeecbae0e,mycosis-fungoides
1,3b290d262098f761d719aa07cf36c040,mycosis-fungoides
2,cf561d08ac46d0fda678bff6621005ee,squamous-cell-carcinoma
3,e6371069be05c6b0a95b4b3f1bacc9a5,mycosis-fungoides
4,f76cddb37265f97508f159078dcc7e7c,mycosis-fungoides
5,ed522f3617a30ab79fa11e140d442e2d,mycosis-fungoides
6,13aa2de8804ae601cd45c1c4cac9bc6f,squamous-cell-carcinoma
7,76c6ff58a8babae647dcc37ea074939d,mycosis-fungoides
8,d04ce86b818b31edf84e54444ec97295,squamous-cell-carcinoma
9,62c9e3126c690939ea356694a047d23b,mycosis-fungoides
10,1a78edee88e9af57b3f2be343fe14d85,mycosis-fungoides
11,6323e7bf168cb3f170902b24cd05e8c4,mycosis-fungoides
12,d261a567da09bf15a7a0e70bba9820dc,squamous-cell-carcinoma
13,1511867bba2a64f76dc383184e0e92b0,mycosis-fungoides
14,3c4903173b7b1a7c309a1af110685216,mycosis-fungoides
15,c01fbc5996baf26b3ba5db9c785c9436,mycosis-fungoides
16,ee9728f1e771a1922abe13af66282b41,mycosis-fungoides
17,72f9f788233f2c319950f11f67450fb5,squamous-cell-carcinoma
18,40a1318214bb8de10ec2cd70ad71f859,mycosis-fungoides
19,53c015ad50dc837544c7718aa6a96166,squamous-cell-carcinoma
20,29cc6dbc600fb5861d5de1cd057bcae7,mycosis-fungoides
21,a9fcbfc827c0c4e9c59f4cd83f2e85c0,squamous-cell-carcinoma
22,a852433b45a05261e7d85043c401dfcc,squamous-cell-carcinoma
23,ce6185287c4b9aabd353be048b379f22,squamous-cell-carcinoma
24,d4e34cb55c84345465f5e931ec4e014e,squamous-cell-carcinoma
25,972f4b68ef802a2cda7cae086253df3f,mycosis-fungoides
26,4c6e412b4f3f5b743e7fbc2a2c535eef,mycosis-fungoides
27,86e4103237a0fff656f3a0be43067f6a,squamous-cell-carcinoma
28,5b3fc65be3359e5ad8bbbb319c31596d,squamous-cell-carcinoma
29,d9af63c1c67bc56e4e4c8e69f6eda948,squamous-cell-carcinoma
30,160dbc3e65bc20f7fa82f27bcd79d60c,mycosis-fungoides
31,c861de9262f7289ad4b5730f7ec2a28a,mycosis-fungoides
32,72e2febe065d177b01564edeb420e24b,mycosis-fungoides
33,3e9e422aca2163c9c46222bd6517432f,squamous-cell-carcinoma
34,1997f41adb38d92f1f3c60a0f75dbd11,squamous-cell-carcinoma
35,0fb5b28ae94cfbebfe16209c00fb5a80,squamous-cell-carcinoma
36,76a5da87f72f5712243ff4bcf52337b6,squamous-cell-carcinoma
37,a9b8d91729eee474193f0ffe3fbfb9c8,mycosis-fungoides
38,e923714f9e9f1efa1b8ba453445e699c,squamous-cell-carcinoma
39,ef5f848dedbd999c6b3f14e61a7f0a33,mycosis-fungoides
40,a012732fd2caf22e3168ea643b0df97e,mycosis-fungoides
41,291bfda376c0ac532fb791d22ae1bb80,squamous-cell-carcinoma
42,a2ced0e21e0c6bc98b5553f08829c186,mycosis-fungoides
43,600410cdc0fcd7be30fbf4f51f92b7cf,mycosis-fungoides
44,7e70403ded2394eaac014fd61a56edec,squamous-cell-carcinoma
45,584c4f9057c17656a36c862d527000a3,mycosis-fungoides
46,84cd6e1510b7882642588c05b91be5de,mycosis-fungoides
47,cc391aff32bf98e352ddaf3c1e6865cb,mycosis-fungoides
48,e34386f607ec8fdacae67ce982a6f183,squamous-cell-carcinoma
49,c8e35e39c4662af6d64bb1d937ab048b,mycosis-fungoides
50,44db8ec026393a9fe950d286824bea30,mycosis-fungoides
51,cef2dd1c93103711aed6687a619e0230,squamous-cell-carcinoma
52,c2ef361b2ec9d96245e58507b93e9c51,mycosis-fungoides
53,696922f3d6d65bfb880ba2636f96b1d2,mycosis-fungoides
54,71828e02c5def1b432fc028a764c7192,squamous-cell-carcinoma
55,f7f2d6b9bb403a202b9db6a4700619fc,squamous-cell-carcinoma
56,81fea66cebcab3f12d43f65058c876fe,mycosis-fungoides
57,06fce53b79b05c19c2d2c8114f280fd1,squamous-cell-carcinoma
58,6fb6afb84ad3fadb641d9d5673156e93,mycosis-fungoides
59,d58edaf3788997fe661996b5a447843c,squamous-cell-carcinoma
60,b147f6189a265ab3cb52ad987cca5064,mycosis-fungoides
61,e03a74d6e3859a7f29e7f77190c50d8f,squamous-cell-carcinoma
62,d6bb06a1e377d830f35bd234524fc8cb,mycosis-fungoides
63,4de00b6c7214b5f74d8411fb3d523c0b,mycosis-fungoides
64,62ff0258e565e9fa72d73f267221726c,mycosis-fungoides
65,b46b82802868eb1b6c0aa9cca4faa544,squamous-cell-carcinoma
66,bc77d5bcda550d3d7c83377033509be0,squamous-cell-carcinoma
67,b8f7a8261d720585ae60f800b4eaf999,squamous-cell-carcinoma
68,e82cda3eeecc9ba74ba226cc1f8efc38,mycosis-fungoides
69,794ba49ce953ec987bee17a700f84f00,mycosis-fungoides
70,a77037725931ab063ca4592f39cf5993,squamous-cell-carcinoma
71,366f3497de9c6d68d7e3c684d5d8c1ad,mycosis-fungoides
72,bf86155b08225dea0f2b06a8454a1f94,squamous-cell-carcinoma
73,63b530d653923c1fa20cf2966cd689df,mycosis-fungoides
74,1ca7a0d873e3ebdfbdbe0e22c4d5d485,mycosis-fungoides
75,3a6a24ba22604e37a8fc8e5c7dfb0b4c,squamous-cell-carcinoma
76,61be413c52eb1d7dad6a93d071f7d52e,mycosis-fungoides
77,c4162a6ed95079874a9b755a5cfe3ccf,mycosis-fungoides
78,22d5b9ebf533411edc7d868d5559d0c1,mycosis-fungoides
79,6bf57a76e354ce35747a5e1821ff40dc,squamous-cell-carcinoma
80,704c443b2f7d76de96f0ce1f260828d3,squamous-cell-carcinoma
81,6762baef7e56c8d76869592b3054ce44,squamous-cell-carcinoma
82,3310c8f8bb1c974cbf1a3e33969ef039,mycosis-fungoides
83,d97e0c3483bab3158be2a9f9ffa3339b,squamous-cell-carcinoma
84,86665d212e168b26d21f1dc4a8d1f12b,squamous-cell-carcinoma
85,01ba602def4506d8bfd5900cccd2ab4d,mycosis-fungoides
86,78f7aa34121056c99c153fc5ba921708,mycosis-fungoides
87,1a9e904ebc92a8322d12a24a79b02b61,squamous-cell-carcinoma
88,5fa874b5fcba73713df72302a915df7c,mycosis-fungoides
89,5a7fda42a38599f347ae2e65dcf51879,squamous-cell-carcinoma
90,220dec60e4841b303a359de5b249af6c,mycosis-fungoides
91,6fcd734b5541c09f54590f97183cb18e,mycosis-fungoides
92,40abd94119ad5fbeabd6ae00e30e31f7,mycosis-fungoides
93,96861ac5c134a53d218efc9d7fbabe4d,mycosis-fungoides
94,bc5ed788e051faaead09226435ebf060,mycosis-fungoides
95,54aa2f1bf36b27de991db5cd358bde06,mycosis-fungoides
96,269712d911c7baf3c2e41d88c5845851,squamous-cell-carcinoma
97,1ed53774dfae21b81495cab1d16f1149,mycosis-fungoides
98,e54daa4b483474920f81739c264c1efc,squamous-cell-carcinoma
99,7494f71845aa6663c050f6c029fd2f1d,mycosis-fungoides
100,3791b30f96733f69b473c8d2fcf3998b,squamous-cell-carcinoma
101,3826e75f78b423e266c2dafc1b9809a9,squamous-cell-carcinoma
102,ddbe1c3f36e36d3e2c884742ce576279,mycosis-fungoides
103,2be140422a9716b494b20701f95ce039,mycosis-fungoides
104,b02abb6e18e64ffd99083dcf884ad75a,squamous-cell-carcinoma
105,77ffd2535a810b43ccc852d9ed31730d,mycosis-fungoides
106,43262c5ed7d5c29f9547e40f5bcac4fd,mycosis-fungoides
107,09890e72772d3ca35764342f06c15281,squamous-cell-carcinoma
108,0413727ba8089031523f7028d24a64da,mycosis-fungoides
109,83c748bcf5cad141cb48f5acd6851c78,squamous-cell-carcinoma
110,69425e7f864b9775266eca2c328fe766,mycosis-fungoides
111,2331c9221825472c0a643dcc3a1f5249,mycosis-fungoides
112,e5edef2961436ce92fb26a7fb9a5a916,mycosis-fungoides
113,50a5b3518678c84fed613629a0fefeb3,mycosis-fungoides
114,d5b3b90897f255f97ac19c06585a948c,squamous-cell-carcinoma
115,a27390d7053ac8564b310aeda11c877d,squamous-cell-carcinoma
116,2bad4c856e10e29dcb76b7e1ad11ec51,squamous-cell-carcinoma
117,69cfcc29d1376d77c9bcbfca301eefb6,squamous-cell-carcinoma
118,9b162ec23812aa7bd0b5a193efe07664,squamous-cell-carcinoma
119,d5ffa3d03e02434a2ab729105d5820a6,mycosis-fungoides
120,fe0d0f2a52c0dd67cdeef523867e4a0b,mycosis-fungoides
121,8c3d26edb18555bbc6146f3581a66d82,epidermal-nevus
122,4f61db9db37394caa8bd630568d77ad5,mycosis-fungoides
123,4b6e28d38197e3e0ea167421dc6d21fb,mycosis-fungoides
124,aba082609e966daf665ccfbb264c226f,mycosis-fungoides
125,330f594ff345fbdd5b58ed187003b067,squamous-cell-carcinoma
126,1acfdf44aa359551366c7e352ef9e7c8,mycosis-fungoides
127,8acc8d28a8f6040d23041bfbf16fcf09,mycosis-fungoides
128,ab4abc3e9ffa363dabdf695e768e9c44,mycosis-fungoides
129,1093510b8b4e09034d87fb69cb047259,squamous-cell-carcinoma
130,5c7a759d9b19417c828612dc9b016dc1,squamous-cell-carcinoma
131,5b2d083698d7ed5b10d17f18714c3b54,mycosis-fungoides
132,0ef52360bce4b5cd6e44eab70175d53c,mycosis-fungoides
133,018504389f4fa566232eb6e3ff838cb8,squamous-cell-carcinoma
134,924acae61840d0e0e6ad71c137dbadbc,mycosis-fungoides
135,aceebbdcfd419fa960ebe3933d721550,mycosis-fungoides
136,a7d96aa10f75ec5c93c09a6bfbbc7fd7,mycosis-fungoides
137,673e2daccb06374f11b9bf5110fb9550,mycosis-fungoides
138,6bbb87c1ba24d5c658a393c19080c24f,mycosis-fungoides
139,5dda143b37c12894ebbd9c196cd9d141,squamous-cell-carcinoma
140,5bfbbf980defc7097504589b63d5e330,mycosis-fungoides
141,69568fbb5f210c22cc07d54a578dfffe,mycosis-fungoides
142,919f382f54e9cd213f7a9a52306a4672,mycosis-fungoides
143,1186bc81d691487a953153cc0818a28c,mycosis-fungoides
144,57aab823a0d448956ba9f1d82492a623,squamous-cell-carcinoma
145,756b24ca24f44a02a098370acdc3ab16,squamous-cell-carcinoma
146,9cc65e527c182ae53fb7570790171f0c,mycosis-fungoides
147,f996766b05a0325d3366a94309e24ee0,mycosis-fungoides
148,f163e9298eb69e5cc6c9e8af212b63ce,mycosis-fungoides
149,0e72ba059329555ffcfe32d627a15b7a,mycosis-fungoides
150,688ac2ba9aff76f589c14be2813f9d5f,squamous-cell-carcinoma
151,591efe195b012d0413397ad1bf0bcfae,squamous-cell-carcinoma
152,edf8ba56964f78aab38ada14df91be11,mycosis-fungoides
153,fb1ab021788e2478d946e0198b7e2e8e,mycosis-fungoides
154,8926d455016b17296638b119b6962cf2,mycosis-fungoides
155,e29dbcf1fed04e83e9bead565d00ed82,squamous-cell-carcinoma
156,e252f2b2db0d6fde23d1bb4d02f4d899,actinic-keratosis
157,072015e0341f732ffa1f553d2a244515,mycosis-fungoides
158,1a0c9c273d706d38e5a25149e0a37971,squamous-cell-carcinoma
159,a989675c02ba63f8a755edc5ebc10494,mycosis-fungoides
160,435be3e0fb6848cf8418d56ce0ed9ef7,squamous-cell-carcinoma
161,155d6961a4ba33aac316c0ed099690fe,mycosis-fungoides
162,6c324c3f793408f1bbed60f75617c84d,mycosis-fungoides
163,4735dff622753bd02c22a764a9281846,mycosis-fungoides
164,97b76d98037a41d972411126f407e120,mycosis-fungoides
165,b30468853e0ad984dfbf53fceee5942f,mycosis-fungoides
166,ad5dfed3ee5a50f7e58d3b0af63c1d45,mycosis-fungoides
167,b508adc3c308a18da62ac2b7680bdb0a,mycosis-fungoides
168,521773286f1d292e0cdcf5c1354fc0ea,mycosis-fungoides
169,7a6cad3870b13bc4a3e5a888d5399adc,squamous-cell-carcinoma
170,f6d7af6720e60c1c2e304e924c8fa766,mycosis-fungoides
171,72714f4963e82e6d9b7b4f99a4f3b32e,mycosis-fungoides
172,045a04ebe8c8153226ed22c27ba8fac3,squamous-cell-carcinoma
173,5a138952d0d9258bb0612a2e6ff5c36d,mycosis-fungoides
174,09bdee78c82c4276a2f273180f66f751,mycosis-fungoides
175,560d811d545a9fc209e18c944dce1ccd,squamous-cell-carcinoma
176,aad33b33ed190972cc96d5705e276a25,squamous-cell-carcinoma
177,af98116844cc81ff8cceaaba707315af,squamous-cell-carcinoma
178,99c3570d8e954271883159615e7ccbff,mycosis-fungoides
179,e66e69d4c40e535b42d998137d1861af,mycosis-fungoides
180,3368f86f3ab52a1362f4c1aac02c14be,mycosis-fungoides
181,d94908c34e1ae46ff12e1a87accfd529,mycosis-fungoides
182,11c8d1839a362fdb5e02150d0421c1a4,mycosis-fungoides
183,3c066c1414b59ef40046a836a0b905e5,mycosis-fungoides
184,988caf18c233893f4e0b378af98a5f5f,squamous-cell-carcinoma
185,5b552fb15839338227880aaac895128a,squamous-cell-carcinoma
186,05f2225244026969ba7435f5959acedf,squamous-cell-carcinoma
187,c189dc271fd1ac6dd7c389e43129368e,mycosis-fungoides
188,b01a47a7fa02f5069b2c26634671664f,mycosis-fungoides
189,4343f98b39a54c43563b2819a20beaea,squamous-cell-carcinoma
190,7a9d20013b87019f62372a31dc98ac92,squamous-cell-carcinoma
191,4cdf3362d0ed7447f98b1a44f0746ab4,mycosis-fungoides
192,12aff52bef4cb6d836dbb03ffb578817,squamous-cell-carcinoma
193,6946d50ada3bbfc10a3df8f5c0223b47,squamous-cell-carcinoma
194,b2413c3578edf4a33ab4f56e9c7d0aa1,mycosis-fungoides
195,85eecdee71e8ac56831eb6bf276c28bb,squamous-cell-carcinoma
196,ac684a3d2464ae0fba4d90e4f898875d,mycosis-fungoides
197,38b649997c117ffa68e7319ea9f111e6,mycosis-fungoides
198,58f4166ec79b9a80bb6a855cf0fd058a,squamous-cell-carcinoma
199,9ae2146c6383515a25d6d1938554351c,squamous-cell-carcinoma
200,ed74e39835213d0c79153d9dcd40b168,squamous-cell-carcinoma
201,d773c2c4b95da12d93796bcec165a6ba,mycosis-fungoides
202,ac6c6b189299da4e34f8c35a1b92438c,mycosis-fungoides
203,158b595ac3b57ae843eadbb63636c3ba,squamous-cell-carcinoma
204,a0429ec7dd6733573064f6056eb7944e,mycosis-fungoides
205,b1b8f575c71edff443ad61da67c162d8,mycosis-fungoides
206,e315766377e07b3a78c789f1ef6cf529,mycosis-fungoides
207,f8155c7ae43c1feb180e2667dbb1b3ab,squamous-cell-carcinoma
208,4b1f5f367ebc0d5207088d329d8eeee2,squamous-cell-carcinoma
209,d2cbccd47d61c15132d473da01a17fac,mycosis-fungoides
210,90540b39fe013db1e50ce9147c82e696,mycosis-fungoides
211,024a737cf57eda5493e8cb30551b4e97,mycosis-fungoides
212,b52efd7c589b38ca46aa4adb9ba498e0,mycosis-fungoides
213,9dd0c1d46a417fa57f686091e213920e,squamous-cell-carcinoma
214,4981320ef16be15730f7fce6207c9f88,mycosis-fungoides
215,7a93256d43142337dbdec318b2ab4096,mycosis-fungoides
216,71a7b35ef0e804f4dac01d3119be6748,squamous-cell-carcinoma
217,418d009435bf224eef9a07097696a305,mycosis-fungoides
218,39d7a3160a81e3ee93b2408a371d6510,mycosis-fungoides
219,0a38a43963c4cceca1dfb8c998d83a71,mycosis-fungoides
220,40a8a67e6d6ade17c43beb1d20dbef84,mycosis-fungoides
221,bdda53823348a5f795ed2ee3b149fefc,mycosis-fungoides
222,d4862d1b866e2c536dde339f60de4f0d,mycosis-fungoides
223,9180caf457da660165757eb4de0cd35c,squamous-cell-carcinoma
224,48cec03c27c9107baa6cea045851ec23,mycosis-fungoides
225,fb7c18fe1b5696c01c4e7f1874bc80b6,mycosis-fungoides
226,296ec4776e89a65ce8e262ed545ed4bb,mycosis-fungoides
227,228205232185bed356ba1aafe35b41ac,squamous-cell-carcinoma
228,f576c38e09eb3ecc24e6326eb3a881f1,squamous-cell-carcinoma
229,437159c605260bdd079af230566af291,squamous-cell-carcinoma
230,b01178886b609223ef2983af6948e730,mycosis-fungoides
231,6dba48622336596a9576d587ce702142,mycosis-fungoides
232,5bec7b68c4b6e5c46953caf631a2cba8,mycosis-fungoides
233,8bac285382141685426179f072d207b5,mycosis-fungoides
234,12cfaf761e615d962029682f838f3c83,squamous-cell-carcinoma
235,69b01fc8a537bc8c99ea976cc32bdc69,squamous-cell-carcinoma
236,4f1076e6080882564075e0c677ce4f1b,mycosis-fungoides
237,6ed995cc282c8d8ca9f2bdbcde554468,mycosis-fungoides
238,1616459eaaa8f79463b01fd100f419bf,squamous-cell-carcinoma
239,1695bd10a336ec55c2ef289b51b8b43a,mycosis-fungoides
240,ea2d3af76bbd9961ebd38d47af57ac47,mycosis-fungoides
241,61d0e40071c675db6da228de6c04e292,mycosis-fungoides
242,23ca4d83dffa92d9a222b70d803c499c,mycosis-fungoides
243,444aaf9840087865c2705b1dd733a1d9,mycosis-fungoides
244,c2c8d2bd931021a5f16735f1f25d8474,mycosis-fungoides
245,d9fbdadef6ca5cd7f3c3d3928fa6d57d,mycosis-fungoides
246,538c95f3f7cf85627092c7c1879caf5d,mycosis-fungoides
247,d82402e38ff9ae1ba49111a4e257a0c7,squamous-cell-carcinoma
248,b6a30b0b1f973a931f6cce35ac6607d1,mycosis-fungoides
249,54ea7e8da3eb7259216baaa66eecfcec,squamous-cell-carcinoma
250,cdf127ebf3623453c56a6504911c7d7d,squamous-cell-carcinoma
251,e0bea7f6fa7ff29c53055a7f5c8857d1,melanoma
252,9796b293f46f9765176bb3740b130771,squamous-cell-carcinoma
253,49f285fcadfe1b9348502534acb19e4e,mycosis-fungoides
254,d58998ebb0839c54404e9f55bf8a5d2a,mycosis-fungoides
255,22ecdf81668c637355d9020d35e2ae0b,squamous-cell-carcinoma
256,0ae2c4aa7b6a3a133879f405331e9ebd,squamous-cell-carcinoma
257,58f8a6ea4d65b0c235565a6f0dab1643,mycosis-fungoides
258,9837903d57bc1d4c5a80bf27571546ff,mycosis-fungoides
259,15ed87fbe8626bffb60e599d3aedb104,mycosis-fungoides
260,e76e989e715f392a80b223b0236415e5,squamous-cell-carcinoma
261,098d28da6fe1db559126d701d74fc8e0,squamous-cell-carcinoma
262,2426c7f42fe341ffba88b82e2108a81e,squamous-cell-carcinoma
263,304fad9f2fda262980d7964322a43e00,mycosis-fungoides
264,ae0f57af6ace4b075703d55ff00f2574,mycosis-fungoides
265,c715f3d6d0fdbcfa111d18774c6fde12,mycosis-fungoides
266,6c6d072123d56ce0ff132f48b5a17309,squamous-cell-carcinoma
267,2a5ade59d80877fcfc12811abe61556e,squamous-cell-carcinoma
268,a177a5fc4b0e7033c39fb4f2503279ab,mycosis-fungoides
269,b0834b3d13110e14deb33367151559c8,mycosis-fungoides
270,0a152642bc8270880808ab9477846866,squamous-cell-carcinoma
271,bdd47d9cfe5d4003a0fa9a7587e6e6ed,mycosis-fungoides
272,185ae0e5acbb25166758dc72e385d3aa,mycosis-fungoides
273,b0b5f5950d2fda0eed8304ea18eef430,mycosis-fungoides
274,ef4f1ca88203040e47389f10e59a3228,mycosis-fungoides
275,fedcb4729515d8c9a11d2dbe88576773,mycosis-fungoides
276,c69c1b503d56830699dc0fbbb5c9c1f0,mycosis-fungoides
277,329d3223fddeadbf5a62cff7b28a2d17,mycosis-fungoides
278,3f014488acf61087ab152f8dc5fac8b3,squamous-cell-carcinoma
279,cac211b988a0695fc15d1a33fb4cb007,squamous-cell-carcinoma
280,4ee44e55d4ba975e0e3b5fa22a6f7ccf,mycosis-fungoides
281,e5c82d28f05a70b9d9a85a6c9f087976,mycosis-fungoides
282,1b223dc98a9d6e38cc2a6564658c222f,squamous-cell-carcinoma
283,19e7cad902144cb742b342bb82b395eb,squamous-cell-carcinoma
284,84bb739a297c4d52efe756a2f398f1da,mycosis-fungoides
285,c83bab745a385e95339e7be5a80ecf18,squamous-cell-carcinoma
286,f44c2e98d9f37b5f2c3a7e510ac0464b,mycosis-fungoides
287,592d6879bebc0cf17a02f50dbc3dae83,mycosis-fungoides
288,c5697d664a8030cc92f976c7c4fdcb34,mycosis-fungoides
289,fa49c5def9b18a6629d73c63e0255289,squamous-cell-carcinoma
290,59225534aff70594b39b620bfb21315a,squamous-cell-carcinoma
291,755dc8d54e3b79614ef44c9a8434e8b9,mycosis-fungoides
292,afe41fae78805d3c1eefe5fdeb5ecba8,mycosis-fungoides
293,17d220d256211aeff23230af4f1bc977,mycosis-fungoides
294,fb7470ace7d0cb469c58921ca6835f75,mycosis-fungoides
295,e668628ce95135ab58957a41687fa659,squamous-cell-carcinoma
296,aea33f41d93dbd5aa59131a57c001714,mycosis-fungoides
297,0c6948c84593c37b5061d8ead8d8e6b1,mycosis-fungoides
298,084ee8ab04399c98bf9af20974c8dae8,mycosis-fungoides
299,1400a56e8de2b64427acf3ba96895ded,mycosis-fungoides
300,691260f9a6de48296c0bcd79084d1c24,mycosis-fungoides
301,71fc983e4c738a72a56725933d60edea,mycosis-fungoides
302,f1d92e52b8299eb733705c2115790d57,mycosis-fungoides
303,7a959183168ea039a889fc622afe2d41,mycosis-fungoides
304,f34329eba4bb2a5eb9bdc7d2b9ae6fcb,mycosis-fungoides
305,6d9d3d6ab99f09c25d9c2042b303d167,squamous-cell-carcinoma
306,5469148cef4a35a7d7c0f97cd2d0c345,mycosis-fungoides
307,6cae680fb52f29577297ee19ef5a142a,mycosis-fungoides
308,6f1cea03b7d8e82e852c1f95ee8a9d0f,mycosis-fungoides
309,76a410bec7b2e3644a4b141d8bb0d2c2,mycosis-fungoides
310,6494b1f8531d2213473a24f46a15d2ff,mycosis-fungoides
311,867ce1ee704a546ae8b25a0c3d8cfe7a,squamous-cell-carcinoma
312,72bf4c07c8873dbf8d4b2c7ab5989853,mycosis-fungoides
313,874622847ae2cd9f53171fbc150fdb71,mycosis-fungoides
314,52527e8d12636fd64523b3dcbeb94d57,mycosis-fungoides
315,221cdcf36bafd8203b9a9c0751e08154,mycosis-fungoides
316,fd1fa18a3033459631670d50b9b5bfc9,mycosis-fungoides
317,8e2ca2e8ad8029ae7bf0aaaa119dd964,mycosis-fungoides
318,8eb36f6db6e7c7800f61441e5b923e2c,mycosis-fungoides
319,abd3e1393bf969a1329b12ff83e5f85d,squamous-cell-carcinoma
320,1d5fec5379a83b91079dcc0721ba7a11,squamous-cell-carcinoma
321,ffd2a9f7fe88af2fc987ddb7a06c9069,mycosis-fungoides
322,61c220d156f4c0cf2acdf5c8a9cc8ab1,mycosis-fungoides
323,7faf4adf38489ddbbd51c8df79cafa10,mycosis-fungoides
324,b62b758e86199928edeb470c25904244,squamous-cell-carcinoma
325,ae398e0d27c79b0c70ff15cd25d62ce6,squamous-cell-carcinoma
326,0baf926f3983cc51160208c3af29106c,mycosis-fungoides
327,7d0afc8f76c352f1d55559c7f80b24f6,mycosis-fungoides
328,106fc517df8d5e649afa9f6e64165776,mycosis-fungoides
329,794572175ce2487d073bcbd2d62f2743,squamous-cell-carcinoma
330,e6a148f384e31d30c51c4472defc1bdf,squamous-cell-carcinoma
331,baedc531fe85571096a215e3f052d7c7,mycosis-fungoides
332,f94b06b9dd83db284af0a76a7b49e94c,mycosis-fungoides
333,4c60daad1f47500b7aa569e7e9c4fbeb,mycosis-fungoides
334,268e737f44bce5f54b4bcee52baf7e66,mycosis-fungoides
335,e7cc160e240268d7ef2ff7cb8c28343d,squamous-cell-carcinoma
336,a92ba022f12b23a2c5ea19eedfa32a94,mycosis-fungoides
337,728a36e89f7599c7740a0935c8e36621,mycosis-fungoides
338,acb264b31d70f98301b812a134879bbf,mycosis-fungoides
339,087315906369dd994456a197e0cac342,mycosis-fungoides
340,1f0af24c77f720c6c009b0aaae30c3ea,mycosis-fungoides
341,3a5d464ccdb5cd8feee8424daf1b9758,squamous-cell-carcinoma
342,009c75339a21bb84a6425be6a95938d6,squamous-cell-carcinoma
343,85321e0d847a46e0be3b156df51414d2,mycosis-fungoides
344,31eee568029f5a70bbda34af551bc67b,squamous-cell-carcinoma
345,e438ac94425903ae88ef3de457debcfc,squamous-cell-carcinoma
346,0325ba9f88358e11a6abc3a63e584bf6,mycosis-fungoides
347,eb8fc90c6716f948a533986727bca286,mycosis-fungoides
348,48cd09dfa86f641cda0d413a486345fa,mycosis-fungoides
349,cc63958a1cedccb7dc1f0628f010206e,mycosis-fungoides
350,7934871643658a189b70c50691da8689,mycosis-fungoides
351,fba7260cff0746ea31b54de3d0ab7433,mycosis-fungoides
352,dc5783ebf370ccb672625f16d07e1512,mycosis-fungoides
353,0ac87111c95a35bccf902556b5d56f56,mycosis-fungoides
354,de2a6626fa354f736fae29f7402956f1,squamous-cell-carcinoma
355,72b7bd69618ea149d63f3d41dc4ca287,mycosis-fungoides
356,0a973eee9d131c3faabc62eb81f07bab,mycosis-fungoides
357,b39695f246374fd531122d6f8e238359,mycosis-fungoides
358,0e55b54825db2d67edecfe12d01144a6,mycosis-fungoides
359,f4ada601e53f65b80352f220c883982b,squamous-cell-carcinoma
360,a5a355561aa62dd374d3bd2e52926d66,mycosis-fungoides
361,c6e02651c6e15b52376ccfb095ee0509,mycosis-fungoides
362,47f82c73448a0cbf900d839ac3872496,mycosis-fungoides
363,b34aa486a55a0deddf573794a6a9726c,mycosis-fungoides
364,90e0fa1b97f1294f112f2a60c0cd415c,mycosis-fungoides
365,675abb915f8549449ff6e68bb7d44879,mycosis-fungoides
366,73f11ac25272679272816f98e19f47e8,squamous-cell-carcinoma
367,1e55e67f3e9e3c739cb50534f15f1b8d,mycosis-fungoides
368,8e865fd366d1ef5636ac95814e61fb0d,squamous-cell-carcinoma
369,2526f45c72e51e324cc70a56faa9616a,mycosis-fungoides
370,51e0ca33acbfd85ac2910c698bb24ff1,mycosis-fungoides
371,8972c76e23d9f6d7c301532573961b99,squamous-cell-carcinoma
372,39f3448f33a429935cf1601f1585bd12,squamous-cell-carcinoma
373,0bb99b2f270898d179c9fba809e15b41,squamous-cell-carcinoma
374,574287cf077bf599f898cbdb64a5be44,mycosis-fungoides
375,6fa6459b12325e1c5ad7749b38dfdff0,mycosis-fungoides
376,4d36657f6a39bec453c8e41acc40023f,mycosis-fungoides
377,ec434ee7ba467dd5ec5a4b87fd515e29,squamous-cell-carcinoma
378,06c7baa22fc3647a98fc8fe2e2985a77,mycosis-fungoides
379,db091a9ccb30661ccbd4e4d69f3054ee,actinic-keratosis
380,2004c88f0aba56122257c4f71e67c719,mycosis-fungoides
381,c6e41ac2c8552505d795c4efda0869d6,squamous-cell-carcinoma
382,de608b752927ceeabb7bac264a52942d,mycosis-fungoides
383,7a2e6969eb645f2aced2aaa7b309b573,mycosis-fungoides
384,91007c00bb4aad315dc101b73bdb2673,squamous-cell-carcinoma
385,07bbb2e37d5e4febf70890df43c9fbd6,squamous-cell-carcinoma
386,5f5834848e3b14da13ede7598b0d644b,squamous-cell-carcinoma
387,e2578e85c48471e76706a9eb6f3ab16d,mycosis-fungoides
388,16c089e04436faa844be84aba9d0179a,mycosis-fungoides
389,d13ed0851b5f952ab82a25c469ac8aff,squamous-cell-carcinoma
390,151d0a85fa73fc70f69233abfd00e6f9,mycosis-fungoides
391,0097275da3cb707415d13d2c59cf8c8c,squamous-cell-carcinoma
392,e1673c9de5483c8f06c57d9b8b6a99df,mycosis-fungoides
393,298fc8e9382bcdd2668c98e710a3808e,mycosis-fungoides
394,7d6ae096a58cc9a689e28ab2fc06a75f,mycosis-fungoides
395,27fa5ac58bd8c5a693e8e0bd0bbe6f39,squamous-cell-carcinoma
396,5dcf89822b03a9620054dcddfb327cf5,squamous-cell-carcinoma
397,23f8b15973a621ced1807768301eabaf,mycosis-fungoides
398,a933cf003cc523204544c8820bc5c73e,mycosis-fungoides
399,d95bb36bbdb0f6f3224029ef6afc14e1,squamous-cell-carcinoma
400,4670285632e1c288ec0ac64a15ef82af,mycosis-fungoides
401,03c5124f5b1ccaf03bbc3fecc0249e6c,squamous-cell-carcinoma
402,c3b96b61412f2004d8c5a281ce9ffcd3,squamous-cell-carcinoma
403,1d8fcc49e4dda6868fcf76916fc14405,squamous-cell-carcinoma
404,e89438538c2e7c4fe86a1d6112fcd599,mycosis-fungoides
405,f8625e6ba7ead84d5e9a283df868584d,mycosis-fungoides
406,43709a26cd70d509fcb12de796ddcc69,squamous-cell-carcinoma
407,cf3d2262e2ddccfee4641197f689e6dd,mycosis-fungoides
408,4e22f7ad0e178a67b08db1d11219a0a8,squamous-cell-carcinoma
409,550749c351ebf42acc3ec74f9f9a6de4,squamous-cell-carcinoma
410,27636e10ca656290c8dfc9b238bf5a17,mycosis-fungoides
411,734c9a93f9d8f98d7f2b8fb03750850b,mycosis-fungoides
412,9e04114cdc878efb72211714ec160c37,squamous-cell-carcinoma
413,60f80cdf721287c40568fee2751bfc3e,mycosis-fungoides
414,1f00d2c15eaae750c70f5b93035a5c0c,mycosis-fungoides
415,a4a41ecfe71f94927ec8c3bcebb5eb80,squamous-cell-carcinoma
416,a4e45375ed04928a3bc132c669d012e8,mycosis-fungoides
417,ef2e3a2d893a8cfd7c9f2aa2e623fac4,squamous-cell-carcinoma
418,8132e479afef009487b6f52625f43a7d,squamous-cell-carcinoma
419,2e9026dc8e4b4256aaad236b808de767,squamous-cell-carcinoma
420,e0a38024961fc28959c68774b661307f,mycosis-fungoides
421,686586ef815913c5cd197bcdb3718b5e,squamous-cell-carcinoma
422,645a927c70a12b3ff6ce9667c5d56cc5,mycosis-fungoides
423,5083ac97bda2b5e9906746e2fe16179a,mycosis-fungoides
424,40b3e8829b08cfac1b06b44857e290f4,mycosis-fungoides
425,88f04faa2219f6a39d1be696879d1b25,squamous-cell-carcinoma
426,76bb012384c690ee1d61e2c792535916,squamous-cell-carcinoma
427,9aced25f0da2ff491cf0da3fee0a8f3c,squamous-cell-carcinoma
428,9a309ec1b5a7623e1064399137b0edee,squamous-cell-carcinoma
429,118004ae04d7c04a7abb96c38483b6b0,mycosis-fungoides
430,22453eeab8eb57c76951e23e713ecfdf,mycosis-fungoides
431,4062f7d2bf4baa0f792741ceac66958f,squamous-cell-carcinoma
432,daf718978f62033d239c595e96ad3d2c,mycosis-fungoides
433,161b47d35bcc8a3a6e5f57a88f2a233c,mycosis-fungoides
434,72c70306aace54ba95d9e65eae05f7eb,mycosis-fungoides
435,0538c14b1dbc98e893372d3e132dfdbe,mycosis-fungoides
436,145e13a479f0c026fcb0630d2f9d47b8,mycosis-fungoides
437,3b3da93bdb3448afd0570afea24eae41,mycosis-fungoides
438,8d47665dd04c83496fad63942b78f1ff,squamous-cell-carcinoma
439,2c15d58bb14b91318e30abc20230d7eb,mycosis-fungoides
440,51d2eb9781f05cf0663c78194e93792a,mycosis-fungoides
441,4c57a9eec4b544ae4dae4a56a6d9f8cf,mycosis-fungoides
442,4cbd191d60f97a3b5a8d7b3ad5cc564c,mycosis-fungoides
443,4c3f795cf8eb72b946f9bd2642cf23c1,squamous-cell-carcinoma
444,74a2d7b3c01c63f68614c48270507f89,mycosis-fungoides
445,42bb46cb779b95f10e531e2b6181e439,mycosis-fungoides
446,e600041da17eda6cff4cf14cdfb25d15,mycosis-fungoides
447,cd10a42d92d2d276fcf5d02284916e11,squamous-cell-carcinoma
448,41ad4baf7c3295c2ed44eba9da4c938e,squamous-cell-carcinoma
449,447a8a8c93a59d870056b006dd14df26,mycosis-fungoides
450,739c636d03d3257e003edc941272d68f,squamous-cell-carcinoma
451,15faf965b2b5b13bab84ca28d04ba20c,squamous-cell-carcinoma
452,a37ed02cd54e4b530341f7587d4e444a,squamous-cell-carcinoma
453,8ba5189cc891891e6f1b4d5f4f9bc1e1,squamous-cell-carcinoma
454,f2525ecb0c3d7fe29904578c14f19faa,squamous-cell-carcinoma
455,813110f4196c27f35beec9dc2431c7e2,mycosis-fungoides
456,174f6d759798e3fec307a2b7b513f139,squamous-cell-carcinoma
457,3d74745cdcd5f31b835d1ff21abc39b0,mycosis-fungoides
458,d6da17745dc1ffa645d4fc52e76a7418,squamous-cell-carcinoma
459,2d6abc80650978d36907bda0009c88e2,squamous-cell-carcinoma
460,c11dc056d43c21dde17846610f0f89e8,squamous-cell-carcinoma
461,6f197431cd2d540ed3c5c8c6a5296d54,squamous-cell-carcinoma
462,70b99a1005a08821fd9b9c48d7e8e698,mycosis-fungoides
463,3741b8a8ff7b38da7204810ead3aba9f,squamous-cell-carcinoma
464,77e57be20830beea9846d2c3a9ed5bd1,squamous-cell-carcinoma
465,e69e4c0470261a68f1692b6f7039e80a,mycosis-fungoides
466,717632d20df2589325f6769a45b0adc5,mycosis-fungoides
467,50c5fdef946e0cd8ef022a82c6167381,mycosis-fungoides
468,53f00019faad3f44c16652c4bad395ba,squamous-cell-carcinoma
469,adf918a971334d6c03aba89f942ec9ad,squamous-cell-carcinoma
470,b8187ac1e3d5c7a7238056c87a3072a9,mycosis-fungoides
471,ee0ca09169187d556308c034caa9fda4,mycosis-fungoides
472,74042e64360d296aa8e70008c8d3efc0,mycosis-fungoides
473,bc1227108a4639de337f5c5cba635352,squamous-cell-carcinoma
474,2bca2886bd9092632698662c969e551d,mycosis-fungoides
475,142cf402ecda22abae480a3866444796,squamous-cell-carcinoma
476,e560c04dcde1fbcc3aa87c8cfab5aca1,mycosis-fungoides
477,62d277784521ca0bc25d6e91268b3c71,mycosis-fungoides
478,c57a17f09208e0f9ca95b5280897c79a,mycosis-fungoides
479,2475581bf40d111f31146165fce3441b,mycosis-fungoides
480,c05382fae633177aff3794d0f3d9f8a8,squamous-cell-carcinoma
481,3f5585b2050389844a621e34f98dc191,mycosis-fungoides
482,10cbd07a7f2e658a27f31eac2ae17269,squamous-cell-carcinoma
483,81305c80964c8765e19120f57bb8936c,squamous-cell-carcinoma
484,a15b63b8b1cbecfb8f88fc766b204b9f,mycosis-fungoides
485,2d49855dfa4ecb5ce88095c78bbfe5c8,squamous-cell-carcinoma
486,570bb039a6f13ce828d8a1551623a513,mycosis-fungoides
487,517c9627617ef9e5689e364ee5d88069,mycosis-fungoides
488,6291ff38493700eccb9816dc3586cd17,mycosis-fungoides
489,8eb074ec464733f3a583af942fee9a14,squamous-cell-carcinoma
490,0f9a80fc4b30ce96e2440e1a67cd31d2,squamous-cell-carcinoma
491,8c19c8ab265be2d52a60c1a175d59c89,mycosis-fungoides
492,ada18724a43831db99512cf39a174d0a,squamous-cell-carcinoma
493,d95c392d3e9ee2f7adbd7ddbda21d686,squamous-cell-carcinoma
494,61687ac315e76923e2116ac2d20ebd33,mycosis-fungoides
495,54e31a5809f92d64232e1d9b37f11126,mycosis-fungoides
496,62f396f48e6501395d63b222cdc684d8,mycosis-fungoides
497,1bbe4519608f606a18adf1811fd1c051,mycosis-fungoides
498,e5274fb265a7fbd6db292a6e8959f467,mycosis-fungoides
499,4874ae4360510673a0cbe6310a4acce0,mycosis-fungoides
500,8aa0c0210a09a713036cc34e4a77511c,squamous-cell-carcinoma
501,418c81a23f78b4850106bae29332e97f,mycosis-fungoides
502,1579e85ffbc506c10a9c44e58f23227e,squamous-cell-carcinoma
503,c112ae55041f86a68ce5e1444698fa3b,mycosis-fungoides
504,7333062e0a7cdba6d37007962f07ce8a,squamous-cell-carcinoma
505,30b6c1170e08b3e8b97c080a8e67ada7,mycosis-fungoides
506,acd650a29294e11114a43014d39fcd1c,mycosis-fungoides
507,63b6094e083862d617afe313c4aa9f1f,squamous-cell-carcinoma
508,184d4c82d2d715ccc299db11357ea24c,squamous-cell-carcinoma
509,d04699fc9e876ddd627d102570694a0c,mycosis-fungoides
510,7075c2cde6d86aa53d709a2ead26b93f,mycosis-fungoides
511,2108592fb9106e94dc7dc89f16f40c03,squamous-cell-carcinoma
512,d2506151428601cd8566330c781f82e0,squamous-cell-carcinoma
513,68c4093d23c19116b586d84b57c348ab,squamous-cell-carcinoma
514,d9ccb043ebec5892e235639155096f1e,mycosis-fungoides
515,ea23f6fdf9c8168d76c0f6d984bcc7f5,mycosis-fungoides
516,b0595057ec163a15e2f19596e609b505,mycosis-fungoides
517,7c937cc7de6443f4ebbc149e0c75cf0c,mycosis-fungoides
518,466ad4e193a5c1ea266486037950ca91,melanoma
519,0ce4fc42fc7e5b0af7d17cdebbe18ee2,mycosis-fungoides
520,4e1ba6883f1b236b2a4a5684ab50b7ae,mycosis-fungoides
521,e86d4d984d45fba9f79f9c44578da9d6,mycosis-fungoides
522,204f57f5c4dd76c0841f106da6993d53,mycosis-fungoides
523,92d9830f22b0eaa4ced0575d60f5662b,mycosis-fungoides
524,78f71a3a8abdeba82370a839e8aae1c9,squamous-cell-carcinoma
525,5423e2d3ad68054e7b51e27e146fddca,squamous-cell-carcinoma
526,d02fe1ea29ed9ab2f2ded6c516dfff99,squamous-cell-carcinoma
527,8fd4531b693efc3f1dbfc1a050f2235d,squamous-cell-carcinoma
528,70a0b051fb01abcd5cdd01bf8b6aa5da,mycosis-fungoides
529,e15211e66c71b025b9add197313cd5e2,mycosis-fungoides
530,f60693a26dad6dad917d3876665bc99c,mycosis-fungoides
531,2e9a44d7373e97c682c937249b38d622,mycosis-fungoides
532,51bc35ea07c27621b3abe3c1bf07a034,mycosis-fungoides
533,1a4fdeead0b5690e36ea85c57e1e87c5,squamous-cell-carcinoma
534,5a6480d3594d735eedf67a29281a1819,mycosis-fungoides
535,5d07648c809dcaca09feef5c856ed3ed,mycosis-fungoides
536,7cba12676c22f1c775f4f76059bb1797,mycosis-fungoides
537,99ade605cf7edc8b433e99183a2bfaff,mycosis-fungoides
538,33f9dfe5e1a2e7b6ce4c32f3cc889930,squamous-cell-carcinoma
539,0c0700fc7177d09e2df0c6658288cf8f,squamous-cell-carcinoma
540,ba250d0f0b1ed48ecc19465085c41cb0,squamous-cell-carcinoma
541,6454800e31a16b2abc6c97fe3582faf3,mycosis-fungoides
542,493b84bf949c2556d88e1fd06f631115,mycosis-fungoides
543,70febe1909055262ca282551a222a10f,mycosis-fungoides
544,eab91c11e20398a89c454717dc5eaa94,squamous-cell-carcinoma
545,34a4c651410d5aba949d1f62b8cdd1cd,mycosis-fungoides
546,e49241d66b386c9dacfcb585c3344656,squamous-cell-carcinoma
547,e853570597d53d361cc70868ada1a07b,mycosis-fungoides
548,0fd4f7d195dd7b1355d2389d8b2ed1dc,squamous-cell-carcinoma
549,1ac5d3755f3e4e77ee6d100dfc333d6d,squamous-cell-carcinoma
550,4bda36c130bc5222cc928bde1ac19cdd,mycosis-fungoides
551,67be5ded2639427a77761dbbcee1234c,mycosis-fungoides
552,f3a4d8da2bdb24a1d78a061f30496e9b,squamous-cell-carcinoma
553,f86cb4a75683abae76cefa622123f5f1,mycosis-fungoides
554,da2880a087b138e537603ef214e003a6,mycosis-fungoides
555,2dbf863f60d92fcb6bd2cb08ab04abba,mycosis-fungoides
556,bb4470ca691cd15f51a464645b4234c3,squamous-cell-carcinoma
557,c605f6e202e48de1f624e085f5316ffe,mycosis-fungoides
558,a981721b89a6b2a34d01133a134709af,mycosis-fungoides
559,ae597315643401a7e6d1c97adc01004a,mycosis-fungoides
560,84e0052d39fb4df649679f0106fe05bb,mycosis-fungoides
561,ba46220798657477a46982340b11c9ed,mycosis-fungoides
562,27b90df80041990f4aa15c5d0b1c5746,mycosis-fungoides
563,c5ebb84482a21015073cebc37b31f515,mycosis-fungoides
564,be8b6845068f1070f3052fb2e54cc48a,mycosis-fungoides
565,518f1b72caa5718bb84cc769631656b3,squamous-cell-carcinoma
566,d90786178514a75f27d7cfbec4eb06bb,mycosis-fungoides
567,7e1a63312318ffca8b95875238836aa2,mycosis-fungoides
568,1ff28481af19f530c70721fafe2decc0,mycosis-fungoides
569,7f18f98cf49c384040022a19759b0b25,squamous-cell-carcinoma
570,08c31b995b51e21dcb10fb8d900bbaa2,mycosis-fungoides
571,a646b94f0637b904e4becca57a2dc26f,mycosis-fungoides
572,2dc5c700e1ba2c10091d84c7c8818a7a,mycosis-fungoides
573,2427f4ddad999d44139aa8b91e937885,mycosis-fungoides
574,d148dc8bb0d3311bff9f7237ff9a8188,mycosis-fungoides
575,8d039cb9f54226f6f180fb809f5118d3,mycosis-fungoides
576,48cf483953e0275a096914b1723221c3,squamous-cell-carcinoma
577,8d4f1262a0534e1d906a21a1bcb8707d,squamous-cell-carcinoma
578,7738a1fedc6181dd976623470feaffd4,squamous-cell-carcinoma
579,77e241b18f2f7f615e4a76ae87cd42ac,mycosis-fungoides
580,97b6fbc9f7aed167c17b09b78ffed235,mycosis-fungoides
581,9695951a2cb28eb40557aa22e201b9c4,mycosis-fungoides
582,d32bb38989704f645004d6340d501466,mycosis-fungoides
583,0f5dc1d7b8e73e0b2df7bd1da6039dd0,mycosis-fungoides
584,e38312ccf84a0e26adeebb4cb7f9732b,mycosis-fungoides
585,0d240e7e0263db3d01450e39cecdb4cc,mycosis-fungoides
586,f4048596275ae97f09ab436b6f568cca,mycosis-fungoides
587,1d07e0f2fc08af46884dff93e34d797a,mycosis-fungoides
588,0ec3ad42fa779284c90cf3eafd31a6e7,melanoma
589,5080e0d5806f34bec6b2055ec21a2583,mycosis-fungoides
590,1e88430bd7f6efcb4d7c77d1c541a186,mycosis-fungoides
591,b365f6bad5f7362cb7a6fe4ca1e1ff6a,mycosis-fungoides
592,a5835042f19548325acc05bc374b429c,squamous-cell-carcinoma
593,68daecb39b330760c4faddc47e842c77,mycosis-fungoides
594,54c7c26b914f17674a00a7355cdde37e,squamous-cell-carcinoma
595,b5dab97d952cb9f4264f464304d7ea0e,squamous-cell-carcinoma
596,f1bdfe975f053e9b464b14f555db1aec,mycosis-fungoides
597,85961feac884e63b81ba861fe3be1ca5,mycosis-fungoides
598,98a86bd0a6b6d31cc399703220627eab,mycosis-fungoides
599,c6fe5504c0652476d2eeebcbada1e4f0,mycosis-fungoides
600,50c825e6e56ab72f1ecde0328ff77277,mycosis-fungoides
601,3f982d9ba541babca8b41d94ee6f4a0d,mycosis-fungoides
602,07a62c58c366377b9692b688e04d4f76,mycosis-fungoides
603,d4745bc61322c928977409d3be613566,mycosis-fungoides
604,3c872d2410c57441eccd4368ece6f28a,mycosis-fungoides
605,a6887106885c0371916de914af87c31d,squamous-cell-carcinoma
606,72aa410d76f560607fb2e74083b2e87d,mycosis-fungoides
607,1cc5a0ffcaf2f370cd65f10eeeb7fddd,mycosis-fungoides
608,22bcca7d579abf5c2c121c98aa01a4c7,mycosis-fungoides
609,6dd41cfcffc748e96857d59341019284,squamous-cell-carcinoma
610,656c560e200b0cfca63346939fa848d3,mycosis-fungoides
611,3c8561db288ae7144a8e09b49121b132,mycosis-fungoides
612,d36089c917a190111dd6be37d21ad606,squamous-cell-carcinoma
613,5ff2e2cbcbb9f92610ec54dca324d149,squamous-cell-carcinoma
614,804c20da98db71680bd8d6ed0299fcac,mycosis-fungoides
615,9d6fc0774c68a7caec5d86148bcba524,squamous-cell-carcinoma
616,c67d42e5e91434bea27c8063d8cf3964,squamous-cell-carcinoma
617,4ab6234ead6b243165c53ad33b708d12,mycosis-fungoides
618,d426cd06dab461c27fac4964b9865769,mycosis-fungoides
619,12056f489798de5eb80a7d07dde875df,mycosis-fungoides
620,ca86e26ccedeb67ab344763f929d6bbb,actinic-keratosis
621,855a18d13f9678703baaef0fff725f4e,mycosis-fungoides
622,c40432238e3ce04f39d1d23f13527c67,mycosis-fungoides
623,2861f208db32e09e3841ead44f577ddb,squamous-cell-carcinoma
624,9d5e4780260cf2955e3e0e783cb21247,mycosis-fungoides
625,3988959d950efaef1651fe12b8d8bf7b,mycosis-fungoides
626,8c1d93ad952b3dfeda6e7cbb1655ad3e,squamous-cell-carcinoma
627,dc84ce6b158006be88a8b1e4c0d86e99,mycosis-fungoides
628,52b87171653545584807c202b61fcbdd,mycosis-fungoides
629,6472c26e82d307a0929503604f91bcac,mycosis-fungoides
630,f25f5a5c007b2ce64cab66fb6037d9d6,squamous-cell-carcinoma
631,5ffd8bfd72bf93492e07434924e9d15a,mycosis-fungoides
632,689433a232b85e487ba0bf089792e374,squamous-cell-carcinoma
633,bbe2ba6d1c72c477dc514277aa950a6e,mycosis-fungoides
634,9e000e91c39cb8e3a22489c8339b4932,mycosis-fungoides
635,950f1320c1fdba94399684868ba0177f,mycosis-fungoides
636,2cd328777af9ee59c90b18bec2be72e3,squamous-cell-carcinoma
637,90fabbdea465c8357755488142bd0522,mycosis-fungoides
638,1663e75536f056d5158dcd192e591b1e,squamous-cell-carcinoma
639,3a1705edde2e27f35e7472eb76755bec,mycosis-fungoides
640,4da76fdfd312fd889a3e0d02b666dede,mycosis-fungoides
641,ca9fe71f9b4e6348554b749f3c2e56d2,mycosis-fungoides
642,2d937eacdf1f2480a9266e029a667494,mycosis-fungoides
643,a40fb61acc29b50d34decdd09e89e634,mycosis-fungoides
644,fc81b32afc618847af57d0f68c05f0a6,squamous-cell-carcinoma
645,f27e4936f68bd371701ac1fc4c53d138,squamous-cell-carcinoma
646,784b540a0e8eb55db7d850b538d3e5f1,squamous-cell-carcinoma
647,d4ffe324216a5c6e00278c1eddf56c1e,mycosis-fungoides
648,1e7e94a57dba71d805e9ca59ffc99758,squamous-cell-carcinoma
649,d6fc57f3afdc323a0dc3a7001e8dc978,mycosis-fungoides
650,ba7238a41b59c7c34af5702047039833,mycosis-fungoides
651,50b4cc0d8dcf2b393bb80c89ef6d0196,mycosis-fungoides
652,8babc8e9dd502006beeba0a90f3df043,mycosis-fungoides
653,2c70b85effc762d7b6a4bfc7746ef97b,mycosis-fungoides
654,31e6979966293854a7feec28eca58f6e,squamous-cell-carcinoma
655,45faa12ef71900861d9a6d3d448035f2,squamous-cell-carcinoma
656,51b542089596a4d122839b333b656871,mycosis-fungoides
657,413a896e96ee3c63962834b0e6498bd4,squamous-cell-carcinoma
658,6353b7c1adbac3349984409728c756e3,mycosis-fungoides
659,3b843066b041e22f335a890eae042b2a,mycosis-fungoides
660,bfcde0e7ae469d141290ba656c888492,mycosis-fungoides
661,a499e463f6116929acbee2ae75bddb09,mycosis-fungoides
662,99247c9fe486aa9ab71686c8e676c135,mycosis-fungoides
663,e6919d4f7cf524992736b9a0cb7b2589,squamous-cell-carcinoma
664,6e2da28f9169bd9f68f13afaa53f8500,mycosis-fungoides
665,051e5c8ce730d6a81961ca551c9fdb2a,mycosis-fungoides
666,44aefdc6bc7f4bc1bbf66f960b6e1985,mycosis-fungoides
667,fa9d0b0dbf1029f4bd1d3c07c536f417,squamous-cell-carcinoma
668,0353409eed089c8165db5a968cf2c43f,mycosis-fungoides
669,5a18fc5a172112cbb0636b16d76078c5,mycosis-fungoides
670,43534ab689527642db737a5a6931993a,mycosis-fungoides
671,a4c98b8bdf349df8335ac8b8657c68ea,squamous-cell-carcinoma
672,8948f7a996fd9db82b46855726af6c83,mycosis-fungoides
673,db871411820979160cb098e6453399ce,squamous-cell-carcinoma
674,838a5a4225a0f680dd1272acdc609f2f,squamous-cell-carcinoma
675,3b7e06dda645a02dca6abfc20a02c4b5,mycosis-fungoides
676,4abcc083990e6408c7936f204a913a81,squamous-cell-carcinoma
677,eb368c2cab6836c68884ae36dec3590f,squamous-cell-carcinoma
678,7c240ef9f5e1bf6b0ed299d7128c7fe0,squamous-cell-carcinoma
679,1f12c62df49fd29ed0ded41bd028e82e,squamous-cell-carcinoma
680,42b49544799141c6f402c6f7d1fd0cce,squamous-cell-carcinoma
681,c94935d1c39a141916812538e6be7e87,mycosis-fungoides
682,1681c65312e7c67fcec67b39a5f31162,mycosis-fungoides
683,20135a88216aad60c409dc97dde06e73,mycosis-fungoides
684,5d08b1474179bb4874416b01064b56ae,squamous-cell-carcinoma
685,e19700bdfef1034b79b79f1146d38bca,mycosis-fungoides
686,3cece09559deee48b30b052851362994,mycosis-fungoides
687,b76381e00a47d51418c19231ec321e20,mycosis-fungoides
688,a15409f6e9275ce53928eedb0493469d,squamous-cell-carcinoma
689,9016573f138e50e4bddb1e8013b763ff,mycosis-fungoides
690,964099036e0c735051be7e2acdad1cf3,mycosis-fungoides
691,b2ed578a520fb52a62ca4192c1da4280,squamous-cell-carcinoma
692,c051152285fd20f3b6381df88dbbb940,mycosis-fungoides
693,0393b043e435e566657cf7d61879026c,squamous-cell-carcinoma
694,bbbeccecd0d1e4d645cd9f376c1c3f3f,mycosis-fungoides
695,dc70f9265a0f30a0e252683052c5a743,mycosis-fungoides
696,d0a6a7731a9748730947b147b688426c,mycosis-fungoides
697,91c2a2d75d43488ff67d36bafefaeba7,mycosis-fungoides
698,ab641dc2d33a9a81e7d931eb47e3be4e,mycosis-fungoides
699,a4d86ff0f5c85e2fe204ece83b710f1a,squamous-cell-carcinoma
700,d09fabea9055615af7dba6136f2e21fd,mycosis-fungoides
701,0b9c906977a5d2a78d7fa64004ccd6be,squamous-cell-carcinoma
702,26ca1663d0d35255aa471578fd030131,mycosis-fungoides
703,f9bad8397240785f99a7659cf87a820f,mycosis-fungoides
704,c7fdaae88f4bddd93cb781ea08d751c5,squamous-cell-carcinoma
705,f8ec3bff30f0f39568125ed1c2d00a49,mycosis-fungoides
706,aad76025ff2ae079b4d8c881496c3372,mycosis-fungoides
707,bb197293543daa5ea73f645da7566efb,squamous-cell-carcinoma
708,000e8dd5ee75dd6668e978e7a4e6fe54,mycosis-fungoides
709,411f9076f8cd3106153147b5f072b467,mycosis-fungoides
710,b1ef89446212681c2eac7dde82654133,mycosis-fungoides
711,b9193abe82fb8a8ae13b35c4bb5eea38,mycosis-fungoides
712,30bd180288eedd15b8aad8acb7ed91da,mycosis-fungoides
713,038e343e66d76cb93438f5460dbf4eeb,mycosis-fungoides
714,1af9eb6b01aea02e6459d942c20f3f98,mycosis-fungoides
715,4d6a5c8b2e73ea8acbcbae17a070f9df,mycosis-fungoides
716,421307b71f4e267df9fdec5a5c91c67e,mycosis-fungoides
717,3b11265aff44e939cd045b9e5f3a0045,mycosis-fungoides
718,1e05b3cfccbf7b4143f709a9423fcea5,squamous-cell-carcinoma
719,bcd90c2432c50cb8bd6b6ca7c9c017ac,mycosis-fungoides
720,c12375fa8da3696e9198df1fd74703c1,mycosis-fungoides
721,364bf519149491d77d15929901e92741,mycosis-fungoides
722,2e3a440729e7c6dc0543b21895324b18,squamous-cell-carcinoma
723,ed277f414662d8203eeb4a5ddbd58644,mycosis-fungoides
724,c2c7aed88ac1e56883b47538586e23e9,mycosis-fungoides
725,442f91c9c99a3ba2b0ca25a1c381b28c,mycosis-fungoides
726,8c33df53ddc70f416cf19eab528c1748,squamous-cell-carcinoma
727,623760615181a0f95fd6d5419d62c797,mycosis-fungoides
728,b89758afa9975102aa1f58322cf3c8fa,mycosis-fungoides
729,33f6ba9badcccedc1238ae3c14c336ba,mycosis-fungoides
730,2a2b8a3357e28cdb445ca00168843970,mycosis-fungoides
731,14d2333c46a7f94b0b64c6ed0547dd75,squamous-cell-carcinoma
732,fcc9ed3892215e076e9dc5b7a8bf81e7,squamous-cell-carcinoma
733,8bdf085e79f86fbfd2f5141b5b3df776,mycosis-fungoides
734,eafc07725a92381f3f0767fb5091a16c,squamous-cell-carcinoma
735,feb23b8d752fc437b2dc3c9816c647ac,mycosis-fungoides
736,3148e06be77894f760bf482fe7e6f2e5,mycosis-fungoides
737,73754651e5cb0081c4a706369847691c,squamous-cell-carcinoma
738,98bef7c8cc4521eab1f8cced801fdb11,mycosis-fungoides
739,bd84a3d4eaf05a7cd85f6625876eea06,squamous-cell-carcinoma
740,3a99a5259471f5fee1d4db0d2067b413,mycosis-fungoides
741,6b8443f997a29f08833996007cf7b10d,mycosis-fungoides
742,78617b5fb730ea6627b7a7227f6a06e4,mycosis-fungoides
743,25d6287a7029492939284f43d0a626b0,squamous-cell-carcinoma
744,f44f3454329e674663e68da31c24e674,mycosis-fungoides
745,bfb97335940b62aff9ecf8a01485807c,mycosis-fungoides
746,8469304f4c86bcba90430e4e658ebbff,mycosis-fungoides
747,9c74ee06aeed63586d2dde78947e33f5,mycosis-fungoides
748,4f87ef083363ca11a44080edc73b3568,squamous-cell-carcinoma
749,c47e590b8f79f090034884ab04698fda,squamous-cell-carcinoma
750,3e0dd46a6a2d7dfd17bb444a3cf050c5,mycosis-fungoides
751,e9070baa510188da821345cb2d95a421,squamous-cell-carcinoma
752,dc6b70e34949c1fa255c0c936fc53655,mycosis-fungoides
753,d3b74982c7011d82c1c874bd9e293fa4,mycosis-fungoides
754,72a404525b6a423e540759439b50b3da,squamous-cell-carcinoma
755,7ba9fd85c64320e2137448742a5abfa4,mycosis-fungoides
756,938528c2ba772fc83832aeca85171cf2,mycosis-fungoides
757,74df53d12210f742427d83c8d4192094,mycosis-fungoides
758,b2c2253b84792ac44360b51b799fece2,mycosis-fungoides
759,3e6b4ab56597dce5f196f82b752c43b2,squamous-cell-carcinoma
760,1e7821b3692bc364a566152c7cb84507,squamous-cell-carcinoma
761,eb7652e04c1c3ba509e0e6269cae7b5d,squamous-cell-carcinoma
762,62eb1d002bfba0237bb37de8f4fc6536,squamous-cell-carcinoma
763,4eff46ba9c97e429dc688f530a4e5fbc,squamous-cell-carcinoma
764,862d0d4096cacb124d4e0df53c32b0e0,squamous-cell-carcinoma
765,9642453f29e342b4120b027a21f76bd6,mycosis-fungoides
766,e0374ae6c1362ff183cfba28ded5421b,actinic-keratosis
767,6f93aa757c0b91baceca396b7b76c90c,squamous-cell-carcinoma
768,83d314e140426d1a7cd1e915470aa532,squamous-cell-carcinoma
769,3217ba36e80b39e457245877a77349d8,mycosis-fungoides
770,d84e0c83920384e79354019fd467e6b1,squamous-cell-carcinoma
771,45297051705ac6a8b8d04264cae21bc3,mycosis-fungoides
772,06c312978164d6cc204751b5d7bea2f8,mycosis-fungoides
773,c5e27c3e2b64d8d39b1318ed1291d9db,mycosis-fungoides
774,31301723ac2727fd70f511a86ceb089c,squamous-cell-carcinoma
775,0d1eb56fcd67699b9d277c7c0b3f8a1d,squamous-cell-carcinoma
776,e91ce676248e27a0ad4a83fbf77e917f,squamous-cell-carcinoma
777,4e63404b516800a93d6dc91e4f4a23b6,squamous-cell-carcinoma
778,998ab155036c1e9bee491e7f41eb629b,squamous-cell-carcinoma
779,4173d5a2337e044eaced6778c34be2ea,mycosis-fungoides
780,a3a0ffe406386ff29eb7a6cebc3c4985,mycosis-fungoides
781,55d707c5de44c50878bbf408e9742033,mycosis-fungoides
782,fb8397ba14203f2442cb607bf6fd9fb7,squamous-cell-carcinoma
783,c8ea76b19cf75b3e45b87877e859b6ba,squamous-cell-carcinoma
784,f2b14e54536ed100f633eaedf5a27ca4,mycosis-fungoides
785,664d794014b44cfa24cd8c4c864be636,mycosis-fungoides
786,d088a167e5757dc79167afa7ecb64ac6,squamous-cell-carcinoma
787,758fa949e6381f4805608e85adedb165,mycosis-fungoides
788,82df2ce5fa68bd6f037f185e37003e31,squamous-cell-carcinoma
789,8ea314195479001aaa5ce386c9f45433,mycosis-fungoides
790,76d0cfeaf294a53c5ae1ecdc3c0a8deb,squamous-cell-carcinoma
791,0552f0ffd7f1125b7cdf8e44bdbfc0c6,mycosis-fungoides
792,2d344b03816a60495078387cc99f335d,mycosis-fungoides
793,163d9c550fad4704990a3d1b8183d0f8,squamous-cell-carcinoma
794,11bad1ca50668e9a7d6aee6b69d3bc47,squamous-cell-carcinoma
795,b18266bd91bdf9c540973b3b6c297be0,mycosis-fungoides
796,97bf4bfa2adc732f68b6445e9dd3ff28,mycosis-fungoides
797,b6defaedae600adc3d74c06a560f5c25,squamous-cell-carcinoma
798,9e6302546a811af38079664e066187c1,mycosis-fungoides
799,4536ca109630631812769474f4cadcb6,squamous-cell-carcinoma
800,42ca868d015f5b088e3bfbd28db1621f,mycosis-fungoides
801,0bd2ab66f36e69352a45d5122f4aad07,mycosis-fungoides
802,92ef6631905073aa5190f7d0f675772a,mycosis-fungoides
803,4bae18a5cf6f2f211389b5d97f3fe840,mycosis-fungoides
804,865eb4dc2f13c93b8537f281fb68b6f5,squamous-cell-carcinoma
805,9255b18c770f58de26221d16839fadb2,mycosis-fungoides
806,b29caa9fd3efd8880d63636f7bc9a740,mycosis-fungoides
807,41dffc4224be2a0a9b2b31243755b1ae,mycosis-fungoides
808,71a101b8e494eb213b78a1274714de3b,mycosis-fungoides
809,b45313d16aef94d526f315d96a4aaaa2,squamous-cell-carcinoma
810,6afb94915e7935b5a4b0c1cee7bde806,mycosis-fungoides
811,658446bde66c64e374d317e40fb40f91,mycosis-fungoides
812,e7fd792efe793efba7a339d3dd29e404,squamous-cell-carcinoma
813,7a4cc56617637df746aa8f3bd2f66238,squamous-cell-carcinoma
814,87cf70830aa7815e9daa81090235efd8,mycosis-fungoides
815,89c43975b1f8f3189e136c6eaf9a0ee4,mycosis-fungoides
816,0e53f04b270579940142d00c6165f0a5,squamous-cell-carcinoma
817,d2c77aa81ca884f99174471132bd3e24,mycosis-fungoides
818,21b4c6bf65333cf88875d6d73761673f,mycosis-fungoides
819,7910e6ff11c72c6266d5749017c6f72e,mycosis-fungoides
820,90c37624ede8bedb2051a85c2d9d7a0a,mycosis-fungoides
821,33b93a3dabdd6249159f5f3b1661f218,mycosis-fungoides
822,1d87ddf86f42c4febe29c9b5efcda416,mycosis-fungoides
823,482f40d7e3d25795f61d53161d2d3f6f,mycosis-fungoides
824,8d7d69353979c66faac2f9e5fbdfe348,mycosis-fungoides
825,0ee34d8cc387db6430bba2d2ce793ac9,mycosis-fungoides
826,e64bc4a3e3dfc2db301f0b8c64253da5,squamous-cell-carcinoma
827,7680cf6433be49fb7ed5964e7c1ed440,mycosis-fungoides
828,858266d175faa1b034d19d4257b057fd,mycosis-fungoides
829,f15bc382e70cb3a1daec7092a79f4749,mycosis-fungoides
830,26628fb7dc4341b5ac2ef37525925fe0,mycosis-fungoides
831,608183886586661fbb2a422d4740c2e2,mycosis-fungoides
832,cd12cedc926b8e738da66bd973c187bf,squamous-cell-carcinoma
833,576d835921aceb16eea483aa84fc138a,squamous-cell-carcinoma
834,67f3fd31b44095d4a74fbe9a08f47ff2,mycosis-fungoides
835,97034f3205e0233858e4bbe46dfbfea9,mycosis-fungoides
836,f5d90ff7e670fa17a58c43eeb33d4b6a,mycosis-fungoides
837,226e024f7a2e67c70cd8e51fdd4edf33,squamous-cell-carcinoma
838,074d596348f9974d5fde86afa06fa605,squamous-cell-carcinoma
839,39b1853bbd7aee8beb2bd4be5bf0f922,mycosis-fungoides
840,c118e1b0b179f299b4a814d78059c137,mycosis-fungoides
841,7bdd5725a6224a1fa18bcdb1b391aae4,mycosis-fungoides
842,05eae8b3cf51683f62e9dcedd403c9ac,mycosis-fungoides
843,d799c42032899b30e39a5ce95c27f098,squamous-cell-carcinoma
844,a46600f349cf11b5ce8661cabf178eb8,mycosis-fungoides
845,66a4c312027be32485642a2d0232ac4a,mycosis-fungoides
846,3bc997188f8c7966cebd6e6d92eca463,squamous-cell-carcinoma
847,f328d6f95f589aab72ec36989dc0ccd0,squamous-cell-carcinoma
848,11f45cfda08e482b02f52701a461e4aa,squamous-cell-carcinoma
849,ea5648a14a8e056d04c8ea29979b6423,mycosis-fungoides
850,a872cc7aa5956ed1085246c27afdc7c6,squamous-cell-carcinoma
851,cf7826024d17bb34a91a1ab10f490413,mycosis-fungoides
852,c69b810bbe5c2eb7785daa9af3f2b5f8,squamous-cell-carcinoma
853,e1a083092c7217fb3b5ee52b0b1b4099,squamous-cell-carcinoma
854,aff8f8833189c8c6fff40c65f441f37f,mycosis-fungoides
855,ac8651d882e7b28e886479882460b900,squamous-cell-carcinoma
856,8befc3a0c8600e273977e3a8888a802f,mycosis-fungoides
857,514d66c5bfd013ff057365fcd5c995f2,mycosis-fungoides
858,74c640f21d94d59eec3ac37cebaedd2d,squamous-cell-carcinoma
859,4ac07b83e993297cb8ef4efa00212fce,squamous-cell-carcinoma
860,88bb9e052bf49f466ecb38b3e4c144fa,mycosis-fungoides
861,f7e7fb15ba1bfabcf68bcd62528f76a8,mycosis-fungoides
862,2ecf3527cc84f9669aaa132a1662a5c1,mycosis-fungoides
863,338772cc570ce83a7cca87638bcbc40b,mycosis-fungoides
864,e46b53d55aabf62f40feab5ee9923e0c,squamous-cell-carcinoma
865,600fa1053d015e9110a3ed7888e3c7d8,mycosis-fungoides
866,eae8d8e779633f16b622bac6a56f59ed,mycosis-fungoides
867,d99a2222ae2135cf712dd65cad4fddeb,squamous-cell-carcinoma
868,dfe9c7803470268beb725d483ba359d5,mycosis-fungoides
869,e0764158441e95f9d96fc3b9f1155673,mycosis-fungoides
870,deb7f9173d96ad9562d8957eccaeb2a7,mycosis-fungoides
871,f9bddb7ca61918b457111494fbb48d4f,squamous-cell-carcinoma
872,7ce754f03f84fd070e60a316ef4a9b5e,mycosis-fungoides
873,032a4ac5c1a3a8a90f6e7aede2d1ab64,mycosis-fungoides
874,ad94730f787cc90b11c25655c41366b6,squamous-cell-carcinoma
875,ee3bd45a4cd01884aa1576f96148333f,squamous-cell-carcinoma
876,d01ee1734e42fb0e876e2b872d0e1145,squamous-cell-carcinoma
877,5a7aa71b77edee5c2b60114edd6a2031,mycosis-fungoides
878,de6cf23194c8c4f4a226eb9faa0196ba,mycosis-fungoides
879,8f04cf235f73d01c0c767f0c36277c86,mycosis-fungoides
880,eb24443c9a18e1f53b7de1e1feef9ec0,squamous-cell-carcinoma
881,0f9899775f4ce2efa31ae2704361db38,squamous-cell-carcinoma
882,33184eb4424abaf46843d89c4c408552,mycosis-fungoides
883,c0d87b8dc5b8419b85c8fa07517007fd,squamous-cell-carcinoma
884,97e6abb7e279b5ca10f72deb36e3f50d,mycosis-fungoides
885,3493941ada3b6fdc44f3546b22f20d50,squamous-cell-carcinoma
886,b038031ca3676636d80212f1325ddca1,mycosis-fungoides
887,c44e25fd99c63aff7bf21ccb01e9330a,mycosis-fungoides
888,6d2fb27bbaf2691ea85fa2ad7f334060,mycosis-fungoides
889,534efa4991400aa326f3ddadbe961225,mycosis-fungoides
890,803b6ec758c8fd85f2cf9fa2f86e01ff,mycosis-fungoides
891,34ca72684487fafccfe617f7294d6938,mycosis-fungoides
892,44df5dceb5722eeaac76f8957926ae0a,mycosis-fungoides
893,39caa210f24486000791251976b55f08,mycosis-fungoides
894,c23144bedb535e724933393a1c32dde4,squamous-cell-carcinoma
895,d2c2e6f0a67967d79e77e58808183168,squamous-cell-carcinoma
896,e789130a814619c1773eef86435153aa,mycosis-fungoides
897,975468f25b1a1c1f7465fd56453f83a2,squamous-cell-carcinoma
898,989def5053f967a52780018e95c65b09,mycosis-fungoides
899,acd3aa9405d92f6395ae33cfbc9e32f0,mycosis-fungoides
900,df8387df4697ebb509e2dfc7d4c0bfb7,mycosis-fungoides
901,e3dce91b73fb5259fdcf32c9ac711958,squamous-cell-carcinoma
902,1d78d91cb196cb45b40c615cbf7a94ff,mycosis-fungoides
903,5ebf2926c88d2a8b5411ae057705a5ac,mycosis-fungoides
904,99ef4fda3446d9504911973502a66e81,mycosis-fungoides
905,eefcaa4061e195fa602680a763c5e79a,mycosis-fungoides
906,a5ada31a7c9cfbc58ff478d092a015b6,mycosis-fungoides
907,7200dfb344d1c161b36c83598445e35d,mycosis-fungoides
908,66f46297056511b1057d5c31ad7acd23,mycosis-fungoides
909,f994265c88c732c182c8ceb54be62755,mycosis-fungoides
910,3c50f209d0d5c01b5bf6ac2e47059211,mycosis-fungoides
911,0ca7391635dab0884c85a1d929e723aa,mycosis-fungoides
912,192c8a174e6f594b44cdd00dd9f73d44,mycosis-fungoides
913,af2a68fe083b47f59589f2096043aa39,mycosis-fungoides
914,99dace5207bb65ce934451c7089e36df,mycosis-fungoides
915,be14688ebedce7b2609d621e98b9bd77,mycosis-fungoides
916,04672ea146d9dbc081cf63c160c7dfa0,mycosis-fungoides
917,13aa381871e7b7acd8bd340db1e99e45,mycosis-fungoides
918,56c7427df79c37d0602a2797539ca761,mycosis-fungoides
919,bb4f6bd8661b8f0a52ccaef5f2fc5b56,mycosis-fungoides
920,9313cd83e63de37e82a3b69b31776b45,mycosis-fungoides
921,132fe9a3f576acc03bfd96ccd4b43783,mycosis-fungoides
922,44b0916f218f564db263ff46a009d212,squamous-cell-carcinoma
923,5dc56924d6d68e2ee3d0dbc2abbab859,squamous-cell-carcinoma
924,e36c56d8bd72bb8a61cae60e63327a44,squamous-cell-carcinoma
925,b50a802b6d5e458e6d6e446b6cee35d9,mycosis-fungoides
926,7912ab0cf1c1a04708f78e68ebee8d34,mycosis-fungoides
927,abf8662ae84390242bafecaa324d02b2,mycosis-fungoides
928,bf74c80811a674d498e6fc30eada833c,mycosis-fungoides
929,406cacfb22eaa42f6eda4bf27aa5b081,mycosis-fungoides
930,3834f2b1138b376486087b355da6dbad,squamous-cell-carcinoma
931,4d43d8ea8c6102ec7d6c66dcf0e78006,mycosis-fungoides
932,47fdee8c6edf33214c50371b27554356,mycosis-fungoides
933,6a3640f5914cf269372e4e28f7df12c4,squamous-cell-carcinoma
934,0845ab554de878a73549aedc9dea3ce3,mycosis-fungoides
935,32dc52b5114e1aac6dab9fca50a6746a,mycosis-fungoides
936,69ff175300cf6db570894f58aff1a957,mycosis-fungoides
937,7cd7825d7ff3127c85ae8be0b036c8f7,mycosis-fungoides
938,88ef7d63d110d99870114f0ff018806a,melanoma
939,cbec7911985d8ac1b2b84a6b0cffca14,squamous-cell-carcinoma
940,ddb15beb69fc4276b74a948a00eed2c8,mycosis-fungoides
941,1bd0b39996792be32b7ed241117f121d,mycosis-fungoides
942,c3994c3b7fc8f7f537ce70972618c80d,mycosis-fungoides
943,818305b5990c64134e480814b182d382,mycosis-fungoides
944,d5d0521e54f4ea7e4d9f20004af9c36a,mycosis-fungoides
945,30e6f943452facf1ffbed708e645f4b8,squamous-cell-carcinoma
946,685207f1b77135e0fd5dfe6866bf658b,mycosis-fungoides
947,39bef78824cddba30883954d4f12c6e0,squamous-cell-carcinoma
948,55e6df1b86dc62c4f5df159845193e17,mycosis-fungoides
949,0d9b3b69f19baf1b3db887dfbacafb26,mycosis-fungoides
950,2017a2789790c2ae724917624752ae5e,mycosis-fungoides
951,90749d71571a4caae55cb226918d68c9,mycosis-fungoides
952,8ef5d5a7bb6885ec41ec53df40fbfee7,mycosis-fungoides
953,1a0045ce41534142bd6aa55b22bc4a91,mycosis-fungoides
954,aae985ea64da012e048edd7dbb75ec21,squamous-cell-carcinoma
955,2c658f5384d52f4c0943335694b10fc0,mycosis-fungoides
956,4b3198562de3a684002fedc551a72c90,mycosis-fungoides
957,dd3243a389c424fdd01d1aee5cc21926,mycosis-fungoides
958,60f79f88cbb999246aea835979d1c1db,mycosis-fungoides
959,a4bd02ffa70ff94c6c0d4e8f3c412b81,mycosis-fungoides
960,15e4e61777fdee377d7a930c224939d0,squamous-cell-carcinoma
961,1225748569e2495256edb1f615dab952,mycosis-fungoides
962,2e8d80b36e871b1ff2b0b9ef8c8532f8,mycosis-fungoides
963,828905f40c3d86fa5ec2f45dc2782338,squamous-cell-carcinoma
964,e734481a48634d1df0a307ec8bbb5c35,mycosis-fungoides
965,5f6bf606eaef0ac72ec1132558e8160a,squamous-cell-carcinoma
966,f1a8ee83b4685293766735b551acea9b,squamous-cell-carcinoma
967,975fab05cb8c08459c293ab433080aef,mycosis-fungoides
968,79aaed87b0076030d5e6893bff164476,mycosis-fungoides
969,5bedb7aaeeeb002707f6118df00a564f,mycosis-fungoides
970,29bb3a16598d5e59c8d065c44ab3fba2,mycosis-fungoides
971,72e9246c83fe4ce50d2d99018043ccc2,squamous-cell-carcinoma
972,3c248f623e262cadd1a608642df1934b,squamous-cell-carcinoma
973,7744e1517bbd73991b2adbd3c7d54a95,squamous-cell-carcinoma
974,15a259f7d6ba10129c0cc837d551a5b8,squamous-cell-carcinoma
975,b580a075146386af3e2cfb6c8b026a40,mycosis-fungoides
976,33ad4f24bc2f4e0fff7ffc8cab93cb05,mycosis-fungoides
977,d0b0400c882ead562db99693b7548504,mycosis-fungoides
978,46e8e18c64c228c71550ae4f50a92036,mycosis-fungoides
979,e109b50181f4e44bfde938f7f6e5d464,mycosis-fungoides
980,13e27cd3114abb74f2321ee34e5417ba,mycosis-fungoides
981,cc9f5bb6c07dc73c4be775e3bfa07bf0,mycosis-fungoides
982,eff97945f1197b87aed23d64f2772591,mycosis-fungoides
983,771b21cda073e5a293c779aaa7275219,mycosis-fungoides
984,f8fc75a657dab62d13cf045abb3f47e0,squamous-cell-carcinoma
985,a795f04734849b702184bd729ab765ce,squamous-cell-carcinoma
986,0d03469c269b09952112b8d1990257cf,mycosis-fungoides
987,91c13b3c952550f97adc320b51b10557,mycosis-fungoides
988,89867feafae04841becf921893861722,squamous-cell-carcinoma
989,ad3486c397161bccdf780d2067a852cc,squamous-cell-carcinoma
990,473f3594b1a24ac3109f2ace980b2953,squamous-cell-carcinoma
991,6ed4688c517307e1da50129ece9da64d,mycosis-fungoides
992,4e28e2e586e563db2112ad1afa25fcf0,mycosis-fungoides
993,3887855c8303e3c019d89f384140a9f9,mycosis-fungoides
994,227aabac4aa7eca8fa4b9fb2abddc5a0,squamous-cell-carcinoma
995,90022c24071c11e07fee084bc45d5262,mycosis-fungoides
996,a59a72077fe153006d6aeb76c6ce1d0b,mycosis-fungoides
997,47cb1bb512da0f22002f75e9f158c6e8,mycosis-fungoides
998,89dd341fe06734db952682b9003fe3a4,squamous-cell-carcinoma
999,93641798b14fc85f2eb5b9b60d502fcf,mycosis-fungoides
1000,a85b61c5f6a321fe1da028b18586fc4b,squamous-cell-carcinoma
1001,c0d8acd9fcfc2d99c4c2c58ea1372328,squamous-cell-carcinoma
1002,5f789231cfe92cef1737d0da94bfdad2,squamous-cell-carcinoma
1003,755bf21d14bf061df211b60e58e8e1dd,mycosis-fungoides
1004,856014588573b1b908e3a9d9b124d72a,squamous-cell-carcinoma
1005,a60800f82f6a2588e2cf624ad64f2db1,mycosis-fungoides
1006,a938b67b207fff9f8b7f4366111e45d4,mycosis-fungoides
1007,c8f2e70de27ec0f45e7cd3774e86f076,mycosis-fungoides
1008,0b008499a165d7d0b5fd92218a7af035,mycosis-fungoides
1009,b3bc16cf6e0ce8cc7ee9a78ad45d0617,mycosis-fungoides
1010,8dfdf2fa78533f3df2c7be96f82a4eb6,squamous-cell-carcinoma
1011,7cd58d112f623644c0914d53b1e99d5c,squamous-cell-carcinoma
1012,40b9006b90679ab5560ebe3ce1a589a1,mycosis-fungoides
1013,98c8c173707c296687a67fade1e0cc5b,squamous-cell-carcinoma
1014,71ce907aacb35c6da2b68996843c46b1,mycosis-fungoides
1015,e2b108ec0b0d9df5ad536cfde4fb543f,squamous-cell-carcinoma
1016,4c4ee394e3bd1da54bdec11874990b30,mycosis-fungoides
1017,315ed43d1da403041e34b016bac90381,squamous-cell-carcinoma
1018,c84a8774938c008cb188779efa58dd16,squamous-cell-carcinoma
1019,548ec840d0d93a2e469cd33f6127cd6d,squamous-cell-carcinoma
1020,8cc4868913a30a4143c7b7836e0aa7da,mycosis-fungoides
1021,b8837a0285f7c4288c772a079c64fb84,mycosis-fungoides
1022,d42fe805398af4dddf6497d346d75996,mycosis-fungoides
1023,e89b0dc455f91346e87beb4fdda74b47,mycosis-fungoides
1024,1a7f5be93d32df0863ffa3115bdd1a63,squamous-cell-carcinoma
1025,66617b242abb82dcd77cf73970510afa,mycosis-fungoides
1026,e783339effbc628d8b5392db27ba6716,mycosis-fungoides
1027,318c8e5f64892f91b7a0e093457d90b4,mycosis-fungoides
1028,62711536b80f9a897c6d5bde4f320397,squamous-cell-carcinoma
1029,eacc89d87bba39db2f6168c1a7a6d117,mycosis-fungoides
1030,9b72994999aa4dfa5fe374e71914259f,mycosis-fungoides
1031,8e14a3fe5101161017215ce4bc75be54,mycosis-fungoides
1032,521bec867654c32d592f32f9256c5704,mycosis-fungoides
1033,9990fde0058d0d25222a084d72985503,squamous-cell-carcinoma
1034,7a973c126993a6366636eae00fe17335,squamous-cell-carcinoma
1035,3900f18cf0b25ba086d55615155482a8,squamous-cell-carcinoma
1036,9dbdb8ce93550f25cb2d29ed732e5c34,mycosis-fungoides
1037,fc00af3afd475aa7679fe83be88b4b8e,squamous-cell-carcinoma
1038,a1a72809c749cbfb7f886309882b8a13,mycosis-fungoides
1039,ec2b2a8155a0c9d54c12a3a1cdce596b,mycosis-fungoides
1040,4dc08af974e49708c2a572d40c44e1c6,squamous-cell-carcinoma
1041,064f39810e82e6097f9c187f003ede0a,mycosis-fungoides
1042,6a42b572581dc870a1cfe3f15e7d5da8,squamous-cell-carcinoma
1043,78f51ee62e0dfefc87761b95ff662334,squamous-cell-carcinoma
1044,aa5803ec59d9ffb36bbaaa8dc75a0436,mycosis-fungoides
1045,3889e119deceb3e9f6b0719ad9431086,squamous-cell-carcinoma
1046,e10a18206ceaefd148ed1fec42054dd4,squamous-cell-carcinoma
1047,3b4eb993fa2701b6da14952ad535d038,squamous-cell-carcinoma
1048,ae747250b9fcdd75f550f6974ef10429,mycosis-fungoides
1049,b6b148041be55b10f5f94abd7ea29307,squamous-cell-carcinoma
1050,b7ccee8c91bd6ecd6d7ce5b66e4513c2,mycosis-fungoides
1051,49ed416e5f1dc646ecbaf99b23b48095,mycosis-fungoides
1052,cd509e89fbf306cbd9e46574e6bc4391,mycosis-fungoides
1053,7729a485abc264b1c58a995a49ec7f5b,mycosis-fungoides
1054,1bf91a83418fa163a455269a08aa1d86,mycosis-fungoides
1055,58005ed792a5445438c7f32043d1818b,mycosis-fungoides
1056,99a55ba343bf11c3a8e37beb8f023684,squamous-cell-carcinoma
1057,32d9c78ee47a1d657769da9648857b38,mycosis-fungoides
1058,409819704e132fbf1af7972247a61477,squamous-cell-carcinoma
1059,f18b9bd6c541fa3c97e8b4007158dddc,mycosis-fungoides
1060,2517732be7bf3296d8da4eabb58d1e59,mycosis-fungoides
1061,13135f44ed77ea527b70db862a83bd61,squamous-cell-carcinoma
1062,6e7bfd02ac7b8fb2c8497250d6f7ce82,mycosis-fungoides
1063,852b1cbfb924539f2aa31a036ea6b565,mycosis-fungoides
1064,b4df499e2397da0425aecca6849c55f0,squamous-cell-carcinoma
1065,306fb95786c67996e75296b97c2c0473,mycosis-fungoides
1066,acd57aaf06dc6e19273354f1d8aa9506,squamous-cell-carcinoma
1067,acf9046d1fb65c2020996133795f9b76,squamous-cell-carcinoma
1068,75b1acf21dc90612a70da94372be8889,squamous-cell-carcinoma
1069,74c86dff5f96b7fe466e5216d41e6d27,mycosis-fungoides
1070,3e01f243986c7b75c3ebe6fb66d0cab2,mycosis-fungoides
1071,86daed3da4e51798b6054baba3377f41,mycosis-fungoides
1072,543017d891174b7fe9443a4dfa537410,squamous-cell-carcinoma
1073,f925994eb8367d52a10b74bc5fd88390,squamous-cell-carcinoma
1074,8d8aaf80f77278f629697ef2f93d01b5,mycosis-fungoides
1075,977d4b1989e14ca35e800a9d4df52997,mycosis-fungoides
1076,f711b066923256aee2aa897848b58ece,mycosis-fungoides
1077,0afbf2ec3f745735dc677ca739055838,mycosis-fungoides
1078,cd7b7b0e15d63414409b6f26d376148e,mycosis-fungoides
1079,28209338ca3b7687ebd8a4bf7da3a5a0,squamous-cell-carcinoma
1080,638cc168f86dcb834cf96af0a6d59f7e,mycosis-fungoides
1081,6e9b03c88ecdc1885ad5f1b6586da01d,squamous-cell-carcinoma
1082,6f7e7323fc3b1d98c4e3bfe5273f6b92,mycosis-fungoides
1083,68cd6c2474a38716c149a5e76d383703,mycosis-fungoides
1084,7064467893a7e67d98d6e8f73957bf4e,mycosis-fungoides
1085,648adc09de37624a92674d2b90d96188,squamous-cell-carcinoma
1086,4e21b16f514f906132e7d55825c98117,mycosis-fungoides
1087,0639e79ac41e8de5cceee9f84b729b0e,mycosis-fungoides
1088,d3a72ac99209301ae7910103ac5e0d6d,mycosis-fungoides
1089,9a7c1451aa6d667b5b4dc11e243f40f5,mycosis-fungoides
1090,d740f99aa0236f9972d66f0821cf14b0,mycosis-fungoides
1091,edf35e6b539a3e45719abf48ea368744,mycosis-fungoides
1092,8314d43be9afcb24935573f5dc11ee64,mycosis-fungoides
1093,4ba7898548e5321a0f0c5a4a5317386b,squamous-cell-carcinoma
1094,dcaccc5096245dd43d67ba2d452225a3,squamous-cell-carcinoma
1095,8a891f4bfb77344d6ae4d236cb9ac4e5,squamous-cell-carcinoma
1096,7a0d4f1dd17a52bf9cb542af4c9142af,mycosis-fungoides
1097,6cdf26807d52792218193f5bce1a8567,mycosis-fungoides
1098,b0e88c354d05bde33ff2799034f6e967,mycosis-fungoides
1099,0c3e253bc97c4b2402a61bcf693f3848,squamous-cell-carcinoma
1100,3d2f1d3763f8335375ab3f51cd2e00c5,mycosis-fungoides
1101,a00bc60baeeaf8a9bbef7ce1e9c24dc8,squamous-cell-carcinoma
1102,ace306be3c5fea443e7b290a44e0bd87,squamous-cell-carcinoma
1103,402f0c0b3da52105897eadd247cb100e,mycosis-fungoides
1104,52a99b2202af66856bb6a395e13a4e76,mycosis-fungoides
1105,558b6378ac18ecc0c35d6b33e073d1d2,squamous-cell-carcinoma
1106,e3c75365688405c937c460e674b37a7b,squamous-cell-carcinoma
1107,513f39489e5c4ff137116a7f063607d4,mycosis-fungoides
1108,763ebb49235a2e20644e8f5a83b94d18,mycosis-fungoides
1109,50203f0e1cc3ccf33cd2cbfdfd475c02,mycosis-fungoides
1110,e84e4787a90ac8563d72c03f6aa0e1b4,mycosis-fungoides
1111,1c5adfdbc1c9bda0bc57c328a0ed4b35,mycosis-fungoides
1112,6e620c3a29ad45715a16799d26589be3,mycosis-fungoides
1113,c1dd528ef78088a6a2d2a6caf7913fdd,mycosis-fungoides
1114,6b868b0b74caec29ab51cc950d2179ea,squamous-cell-carcinoma
1115,0b37a8a2da16fe77dde52ce6c2e9bb9b,mycosis-fungoides
1116,2aa5dac8b5f87535800796c039a818c8,mycosis-fungoides
1117,cc2bd788c5212e2ec7e0869b9e9279e5,mycosis-fungoides
1118,dec2d1ae044897a3eae71fae8a9bc154,mycosis-fungoides
1119,36c7bbdced601b5d9fb1cc7cdc0df7e3,mycosis-fungoides
1120,4c25a70e58e5bdcba90060add311bf10,squamous-cell-carcinoma
1121,0ad35686cc836776ddb21346413d273e,mycosis-fungoides
1122,e175e74b64691df885e0cdb88f2858e5,mycosis-fungoides
1123,d49f3bcd96238cf5657681a4f1f4efa6,mycosis-fungoides
1124,37566d4150bbc6080c2dd4ecc7ff9431,squamous-cell-carcinoma
1125,c4ea214b9c8cec7349c9d6fceb487191,mycosis-fungoides
1126,fa58fbf61665476038029f22054c7f7a,mycosis-fungoides
1127,4de99fdc6b65ce2148d412a39d112768,squamous-cell-carcinoma
1128,22517077a92297c9c87dced4121b1e00,mycosis-fungoides
1129,2edb9f6c4bd9f045320806d7c18f68a7,squamous-cell-carcinoma
1130,4248fc4d507e6ebf3ddc136f1344b05c,squamous-cell-carcinoma
1131,127c095dd4daf67da813ea08e0a814c9,mycosis-fungoides
1132,3439269c515260af7ce8530c7f1c693a,squamous-cell-carcinoma
1133,ac09be61655dbfbe6f1cb239b4379522,mycosis-fungoides
1134,6cf10bfb15d43652310bd5ce509069a9,mycosis-fungoides
1135,7e7d72d040485b4c51a37dadba1ae04e,mycosis-fungoides
1136,f1a0afa59c9e2602366067da6fbb9bae,mycosis-fungoides
1137,691e993248f5ba98fc7be6bede8dc9ac,squamous-cell-carcinoma
1138,6f64857e9c143d28a6170bc774706814,mycosis-fungoides
1139,e4b2d2e8706fc69f39d8d2bafeff9cf9,mycosis-fungoides
1140,993841d17697a0ff4c5e60a9c307e483,squamous-cell-carcinoma
1141,e59b9adefae0522acced0247d22afff0,mycosis-fungoides
1142,85bfb7325d93bac71fcbc08ae0a9ba23,mycosis-fungoides
1143,981f36951ecaf1d4946b9e196fedc4ec,mycosis-fungoides
1144,f17773a2ee06fb5179ed0e56b7235c2a,mycosis-fungoides
1145,400a5262ec66abc4d4a6a92dec155d87,mycosis-fungoides
1146,82eed0a4b30c7066ff31e5be4985019a,mycosis-fungoides
1147,8390f737db746285c7fc204e514dc08e,squamous-cell-carcinoma
1148,4c13340c2a4e28252816d39fa018bbc8,mycosis-fungoides
1149,d2bac3c9e4499032ca8e9b07c7d3bc40,squamous-cell-carcinoma
1150,10cacf2e0873ae8f01f0f13202545ff7,squamous-cell-carcinoma
1151,610238a9511e0242eac20a58568dff9b,mycosis-fungoides
1152,53320a2cc3e6c7188e040136a9dd6efb,squamous-cell-carcinoma
1153,84e466bb6cfd0812bf7c0ccb26132202,squamous-cell-carcinoma
1154,50153c30ba3b0205caad6f4281929dbf,squamous-cell-carcinoma
1155,711bc9852c2b8953647ec05bdf318c88,mycosis-fungoides
1156,59c60187f6e65c32cbbadbdfc8b8df1d,squamous-cell-carcinoma
1157,074e696e6cdf066eabf5b68d957487c9,squamous-cell-carcinoma
1158,f5530b19c11c6211cfda4e1ab9e4dd91,squamous-cell-carcinoma
1159,f7c577c830725a2f27fead729366ef26,squamous-cell-carcinoma
1160,e84edfc20dd37c3fce19f0f0e48c0560,mycosis-fungoides
1161,5906081fcdc2eece8140e95a95f909f0,mycosis-fungoides
1162,705631921fe3d1cb05dcdcf9f48fe9a1,squamous-cell-carcinoma
1163,a4b48f03133497b7ff25ec2af7505ef1,squamous-cell-carcinoma
1164,bc17b2b80667945dbbc470f72b152900,mycosis-fungoides
1165,cdf5a7c281d7895b19579501cb3fce92,mycosis-fungoides
1166,a2bcf7fd08383c3e53c08d9e7dade2b6,mycosis-fungoides
1167,20fa1e49372b9f495b9d7117f4f2d3bc,mycosis-fungoides
1168,43a5a3a84961dffd74413ae75d06532c,mycosis-fungoides
1169,52514f7abd18bb524279c10943916512,squamous-cell-carcinoma
1170,48a2d3c07db35f6232411a257e7a95e9,mycosis-fungoides
1171,635cdb6a1cd94c714c8c393adb7c3ac1,squamous-cell-carcinoma
1172,16d1e6b4143c88cb158a50ea8bc3a595,mycosis-fungoides
1173,9b82bbff48d88f3bea9d30cfd96606dc,mycosis-fungoides
1174,784407f590b259c9edb1270d0aa907d3,mycosis-fungoides
1175,dc8b1d07cb9d4b4f4097807e29d045c3,mycosis-fungoides
1176,df647be15018b97b3111867a312c0ff5,squamous-cell-carcinoma
1177,44bb284877cbebaeb393b2ed07606de5,squamous-cell-carcinoma
1178,75902a6dca722dec2c3d9022db3bd244,squamous-cell-carcinoma
1179,190822f2e75490299428db99d2f34486,squamous-cell-carcinoma
1180,4ff1ea06e98ef27ae93b27fbfa384a75,mycosis-fungoides
1181,1aec33dc780057f576a8064deffe9cc8,mycosis-fungoides
1182,94144f5fb97cb2b0b631e26c4165f3e1,mycosis-fungoides
1183,5ffb0f37439ee5e465139feac2b33010,mycosis-fungoides
1184,17671141fadfbc7d358a5e2cc4b98b58,mycosis-fungoides
1185,6c12f0e99a7af40789ae5aaf42946d84,squamous-cell-carcinoma
1186,45f7fe0e10214e32e890cad9d29d4811,squamous-cell-carcinoma
1187,900c572691e399d8bf78d5bd1f8a74a7,mycosis-fungoides
1188,3463d25c4b8bc5061a3faa4ca6715537,mycosis-fungoides
1189,5271a8a3db4825d3fc5aad611b58bc9e,mycosis-fungoides
1190,efbfcf372e15d12c1f9dfc60224da254,squamous-cell-carcinoma
1191,8ad1a12672261156e2dd3ac462215d76,squamous-cell-carcinoma
1192,c7cd549009d2ea6752de4fc4c2c02bc2,squamous-cell-carcinoma
1193,af6f72e7f32eec84523851ccf9a7ef85,mycosis-fungoides
1194,be39fbddbcfc833ce7862e06eaf800ee,squamous-cell-carcinoma
1195,16eec7d9deedb55eb2e71f70aa1f0319,squamous-cell-carcinoma
1196,827f0930e7f9bdfb37eb6d53ba5414e2,squamous-cell-carcinoma
1197,ff02c1d8ed5d771bd450877d2d1658ce,squamous-cell-carcinoma
1198,8da1461c443aec674f75fada576ef037,mycosis-fungoides
1199,ac713d803bfccd03939a4d3a0785491c,squamous-cell-carcinoma
1200,9ca1e7ab5fa2261ecd1a938b635a228f,squamous-cell-carcinoma
1201,3c8898cea81673fe523d75dc4a4c0d2d,mycosis-fungoides
1202,73850da74e36edc89fc7536763f22b4d,mycosis-fungoides
1203,9debbcbf24db1cf6c8061531f74dbb0e,mycosis-fungoides
1204,d48ef382ac315465ba4322ca3b660c8f,squamous-cell-carcinoma
1205,3be7f195269f4cb0a7d2528223971f44,mycosis-fungoides
1206,821787908e9c5f2f757fa7c3351a6785,mycosis-fungoides
1207,64ba283eeed948b9af16855140ee78f6,squamous-cell-carcinoma
1208,2fdb31f6c3f6fc50b96f6607510cc263,mycosis-fungoides
1209,cf2a6a8eb3f7bba8061b0f4a68ecd23c,mycosis-fungoides
1210,263fff0e6333059361ea79dc15c6c6a4,squamous-cell-carcinoma
1211,82f57c180f4a89b2fcce489bf47a2074,mycosis-fungoides
1212,6822f9362f5560a53dfdf79fb77d48b4,squamous-cell-carcinoma
1213,08447c464a1134284f6e267a3dffdf6f,squamous-cell-carcinoma
1214,7cdb2f4ac04b6de441e457165b120d48,squamous-cell-carcinoma
1215,5456f68e2ad4417d213c0f7df0fab783,squamous-cell-carcinoma
1216,281be8ea8723dba5c6a0ab7e3e257d8d,squamous-cell-carcinoma
1217,78b51eea155d011fee2e1279a7d19081,mycosis-fungoides
1218,016abe4884715af85cd3f309f93b9641,mycosis-fungoides
1219,86942c44aa1bf357cc2e8861d02a0c30,mycosis-fungoides
1220,31c42f79bb918fe1d8ef35b553e7d8cf,squamous-cell-carcinoma
1221,bb6ae8c9458a9760ef0be6d2fb6f2bd9,squamous-cell-carcinoma
1222,270a217e6e961cf405a4ad46a110ff69,mycosis-fungoides
1223,176892dfc10eabf4ad8b1f50ec5df7e5,squamous-cell-carcinoma
1224,91a4f52d7f99a33ec53d6d695e6c9f4d,mycosis-fungoides
1225,8ba5d48405d01accc3a218693a049ae9,mycosis-fungoides
1226,e3e180ecaeadef19fd487caab7655316,mycosis-fungoides
